player_id,player_name,team_name
2941,Ismaïla Sarr,Senegal
2948,Nabil Fekir,France
2954,Youri Tielemans,Belgium
2956,Bertrand Isidore Traoré,Burkina Faso
2972,Marcus Thuram,France
2974,Saîf-Eddine Khaoui,Tunisia
2988,Memphis Depay,Netherlands
2989,Alexander Djiku,Ghana
2995,Ángel Fabián Di María Hernández,Argentina
2999,Presnel Kimpembe,France
3009,Kylian Mbappé Lottin,France
3013,Nicolas Pépé,Côte d'Ivoire
3017,Ibrahim Sangaré,Côte d'Ivoire
3026,Adrien Rabiot,France
3027,Mathias Jørgensen Jatta,Denmark
3034,Kamil Glik,Poland
3035,Steeve Yago,Burkina Faso
3037,Mousa Sidi Yaya Dembélé,Belgium
3042,Mikel Merino Zazón,Spain
3043,Christian Dannemann Eriksen,Denmark
3044,Chancel Mbemba Mangulu,Congo DR
3053,Leroy Sané,Germany
3054,Fernando Luiz Roza,Brazil
3058,Javier Hernández Balcázar,Mexico
3063,Danilo Luiz da Silva,Brazil
3064,David Josué Jiménez Silva,Spain
3067,Ederson Santana de Moraes,Brazil
3076,Ayoze Pérez Gutiérrez,Spain
3077,Jan Vertonghen,Belgium
3083,Heung-Min Son,South Korea
3086,Ben Davies,Wales
3089,Kevin De Bruyne,Belgium
3090,Nicolás Hernán Otamendi,Argentina
3091,Moussa Sissoko,France
3094,Bamidele Alli,England
3097,Pascal Groß,Germany
3099,Hugo Lloris,France
3101,Vincent Kompany,Belgium
3130,Gaël Kakuta,Congo DR
3135,Chang-Hoon Kwon,South Korea
3138,Abdoulaye Touré,Guinea
3139,Chidozie Collins Awaziem,Nigeria
3141,André-Frank Zambo Anguissa,Cameroon
3145,Keita Baldé Diao,Senegal
3153,Ádám Lang,Hungary
3159,Gregory Leigh,Jamaica
3166,Marco Verratti,Italy
3167,Antonio Rüdiger,Germany
3168,João Filipe Iria Santos Moutinho,Portugal
3175,Eiji Kawashima,Japan
3176,Thomas Meunier,Belgium
3186,Julian Draxler,Germany
3191,Ramy Bensebaini,Algeria
3193,Bernardo Mota Veiga de Carvalho e Silva,Portugal
3196,Wahbi Khazri,Tunisia
3198,Moussa Niakhate,Senegal
3202,Gabriel Fernando de Jesus,Brazil
3205,Kyle Walker,England
3226,Bassem Srarfi,Tunisia
3233,Raheem Sterling,England
3237,Sergio Leonel Agüero del Castillo,Argentina
3240,Mathew Ryan,Australia
3244,John Stones,England
3245,Thomas Lemar,France
3247,Fábio Henrique Tavares,Brazil
3248,Hamari Traoré,Mali
3250,Edson André Sitoe,Mozambique
3252,Oussama Haddadi,Tunisia
3254,Florian Thauvin,France
3255,Guessouma Fofana,Mauritania
3261,Benjamin Mendy,France
3262,Łukasz Fabiański,Poland
3264,Vincent Janssen,Netherlands
3265,José Luis Sanmartín Mato,Spain
3279,José Heriberto Izquierdo Mena,Colombia
3280,Richarlison de Andrade,Brazil
3281,Aaron Mooy,Australia
3289,Romelu Lukaku Menama,Belgium
3293,Jesse Lingard,England
3295,Thiago Emiliano da Silva,Brazil
3296,Marouane Fellaini-Bakkioui,Belgium
3300,Maya Yoshida,Japan
3302,Nordin Amrabat,Morocco
3306,Nathan Aké,Netherlands
3308,Kieran Trippier,England
3311,Daley Blind,Netherlands
3312,Demarai Gray,Jamaica
3313,Giovani Lo Celso,Argentina
3314,Phil Jones,England
3317,Kasey Palmer,Jamaica
3318,Marcus Rashford,England
3321,Patrick van Aanholt,Netherlands
3323,Tyrone Mings,England
3325,Marko Arnautović,Austria
3329,Cédric Ricardo Alves Soares,Portugal
3333,David de Gea Quintana,Spain
3336,Harry Maguire,England
3338,Onyinye Wilfred Ndidi,Nigeria
3347,André Ayew Pelé,Ghana
3349,Michail Antonio,Jamaica
3359,Jean Michaël Seri,Côte d'Ivoire
3377,Timothy Weah,United States
3378,Iván Balliu Campeny,Albania
3380,Christian Benteke Liolo,Belgium
3381,Nemanja Matić,Serbia
3382,Luke Shaw,England
3385,Alexis Alejandro Sánchez Sánchez,Chile
3404,Youssouf Sabaly,Senegal
3405,François Kamano,Guinea
3417,Saidy Janko,Gambia
3433,Lassana Coulibaly,Mali
3436,Idrissa Gana Gueye,Senegal
3441,Nikola Vlašić,Croatia
3444,Danijel Subašić,Croatia
3445,Radamel Falcao García Zárate,Colombia
3446,Djibril Sidibé,France
3447,Ademola Lookman,Nigeria
3450,Jordan Ayew,Ghana
3455,Luka Milivojević,Serbia
3457,Michy Batshuayi Tunga,Belgium
3468,Jordan Pickford,England
3470,Dominic Calvert-Lewin,England
3471,Dejan Lovren,Croatia
3472,Willian Borges da Silva,Brazil
3477,Álvaro Borja Morata Martín,Spain
3481,Serge Aurier,Côte d'Ivoire
3488,Wayne Hennessey,Wales
3493,Emre Can,Germany
3494,Davinson Sánchez Mina,Colombia
3496,Mesut Özil,Germany
3499,Jean-Eric Maxim Choupo-Moting,Cameroon
3500,Granit Xhaka,Switzerland
3501,Philippe Coutinho Correia,Brazil
3504,Ruben Loftus-Cheek,England
3509,Thibaut Courtois,Belgium
3512,Marko Grujić,Serbia
3517,Aaron Ramsey,Wales
3530,Hiroki Sakai,Japan
3531,Mohamed Salah,Egypt
3532,Jordan Brian Henderson,England
3533,Xherdan Shaqiri,Switzerland
3535,Roberto Firmino Barbosa de Oliveira,Brazil
3536,Ramadan Sobhi Ramadan Ahmed,Egypt
3543,Steve Mandanda,France
3551,Karl Brillant Toko Ekambi,Cameroon
3555,Pape Moussa Konaté,Senegal
3557,Naïm Sliti,Tunisia
3567,Georginio Wijnaldum,Netherlands
3568,Mohamed Naser Elsayed Elneny,Egypt
3569,Daniel Nii Tackie Mensah Welbeck,England
3570,Pierre-Emile Højbjerg,Denmark
3575,Oleksandr Zinchenko,Ukraine
3576,Martin Olsson,Sweden
3581,Ryan Fraser,Scotland
3587,Arthur Masuaku,Congo DR
3593,Renato Júnior Luz Sanches,Portugal
3594,Danny Rose,England
3602,Faustino Marcos Alberto Rojo,Argentina
3603,Mame Biram Diouf,Senegal
3604,Olivier Giroud,France
3605,Sung-Yeung Ki,South Korea
3612,Ashley Young,England
3616,Callum Wilson,England
3620,Scott McTominay,Scotland
3621,Eden Hazard,Belgium
3625,Sofiane Boufal,Morocco
3629,Sadio Mané,Senegal
3632,André Martín Carrillo Díaz,Peru
3634,Abdelhamid Sabiri,Morocco
3637,Grzegorz Krychowiak,Poland
3639,Georges-Kévin Nkoudou Mbida,Cameroon
3645,Gary Cahill,England
3647,Alex Iwobi,Nigeria
3648,Cenk Tosun,Turkey
3655,Andrew Robertson,Scotland
3658,DeAndre Yedlin,United States
3659,Wilfredo Daniel Caballero,Argentina
3664,Trent Alexander-Arnold,England
3669,Virgil van Dijk,Netherlands
3675,Fodé Ballo Touré,Senegal
3684,Cheikhou Kouyaté,Senegal
3702,Victor Nilsson Lindelöf,Sweden
3707,Adrien Sebastian Perruchet Silva,Portugal
3708,Kelechi Promise Iheanacho,Nigeria
3709,Daniel Amartey,Ghana
3710,Fousseni Diabaté,Mali
3711,Martin Dúbravka,Slovakia
3720,Johann Berg Guðmunds­son,Iceland
3761,Mike Maignan,France
3767,Ellyes Joris Skhiri,Tunisia
3806,Bright Osayi-Samuel,Nigeria
3810,Shinji Okazaki,Japan
3811,Islam Slimani,Algeria
3814,Riyad Mahrez,Algeria
3815,Kasper Schmeichel,Denmark
3822,Ezri Konsa Ngoyo,England
3831,Dušan Tadić,Serbia
3834,Ivan Toney,England
3853,Kieffer Roberto Francisco Moore,Wales
3856,Joe Aribo,Nigeria
3878,Sam Morsy,Egypt
3913,Edimilson Fernandes,Switzerland
3923,Oluwasemilogo Adesewo Ibidapo Ajayi,Nigeria
3943,Declan Rice,England
3944,Gylfi Þór Sigurðsson,Iceland
3957,César Azpilicueta Tanco,Spain
3959,Andreas Christensen,Denmark
3960,José Miguel da Rocha Fonte,Portugal
3961,N'Golo Kanté,France
3962,Diafra Sakho,Senegal
3963,Victor Moses,Nigeria
3969,Aleksandar Dragović,Austria
4041,José Salomón Rondón Giménez,Venezuela
4063,Ahmed Elsayed Ali Elsayed Hegazy,Egypt
4127,David Raya Martin,Spain
4129,Tyler Roberts,Wales
4218,Ryan Nyambe,Namibia
4256,Jonathan Bamba,Côte d'Ivoire
4267,Mouctar Diakhaby,Guinea
4269,Aleksandar Mitrović,Serbia
4272,João Mário Naval da Costa Eduardo,Portugal
4276,David Ospina Ramírez,Colombia
4277,Papa Alioune N'Diaye,Senegal
4286,Callum Styles,Hungary
4308,Houssem Aouar,Algeria
4318,Davy Klaassen,Netherlands
4319,Edinson Roberto Cavani Gómez,Uruguay
4320,Neymar da Silva Santos Junior,Brazil
4324,Daniel Alves da Silva,Brazil
4352,Issiaga Sylla,Guinea
4353,Aymeric Laporte,Spain
4354,Phil Foden,England
4355,Emerson Palmieri dos Santos,Italy
4367,Gonçalo Manuel Ganchinho Guedes,Portugal
4372,Marcos Aoás Corrêa,Brazil
4375,Blaise Matuidi,France
4376,Edgar Miguel Ié,Guinea-Bissau
4385,Yves Bissouma,Mali
4388,Kouakou Herve Koffi,Burkina Faso
4412,Samuel Moutoussamy,Congo DR
4416,Max-Alain Gradel,Côte d'Ivoire
4417,Ola Toivonen,Sweden
4421,Tomáš Hubočan,Slovakia
4445,Jules Koundé,France
4447,Martin Braithwaite Christensen,Denmark
4464,Adama Traoré,Mali
4471,Ablie Jallow,Gambia
4506,Nampalys Mendy,Senegal
4567,David Brooks,Wales
4587,Matteo Darmian,Italy
4597,Fabian Delph,England
4610,Ethan Pinnock,Jamaica
4614,Antonee Robinson,United States
4626,Jan Bednarek,Poland
4664,Sebastian Szymański,Poland
4673,Kamil Jóźwiak,Poland
4685,Artur Jędrzejczyk,Poland
4691,Claudio Andrés Bravo Muñoz,Chile
4696,Ebou Adams,Gambia
4706,Kalvin Phillips,England
4709,Pontus Jansson,Sweden
4713,Ezgjan Alioski,North Macedonia
4734,Matty Cash,Poland
4735,Ben Brereton Díaz,Chile
4753,Aaron Tshibola,Congo DR
4760,Ollie Watkins,England
4763,Henrik Dalsgaard,Denmark
4767,Chris Mepham,Wales
4774,Connor Roberts,Wales
4809,Matěj Vydra,Czech Republic
4813,Andreas Weimann,Austria
4826,Yohan Benalouane,Tunisia
4831,Nacer Chadli,Belgium
4870,Tomáš Souček,Czech Republic
4872,Eduard Sobol,Ukraine
4875,Jan Bořil,Czech Republic
4909,Jeremie Boga,Côte d'Ivoire
4926,Francisco Román Alarcón Suárez,Spain
4934,Ethan Ampadu,Wales
4935,Bryan Mbeumo,Cameroon
4939,Joris Kayembe Ditu,Congo DR
5170,Mário Figueira Fernandes,Russia
5171,Roman Zobnin,Russia
5172,Igor Akinfeev,Russia
5173,Abdullah Ibrahim Otayf,Saudi Arabia
5174,Sergei Ignashevich,Russia
5175,Ilya Kutepov,Russia
5176,Mohanad Aseri Abu Radiah,Saudi Arabia
5177,Aleksandr Golovin,Russia
5178,Salman Mohammed Al Faraj,Saudi Arabia
5179,Daler Kuzyaev,Russia
5180,Alan Dzagoev,Russia
5181,Yury Gazinskiy,Russia
5182,Aleksandr Samedov,Russia
5183,Yasir Gharsan Al Shahrani,Saudi Arabia
5184,Osama Abdulrezag Hawsawi,Saudi Arabia
5185,Taisir Jabir Al Jassim,Saudi Arabia
5186,Denis Cheryshev,Russia
5187,Salem Mohammed Al Dawsari,Saudi Arabia
5188,Hattan Babhir,Saudi Arabia
5189,Abdullah Ibrahim Al Maiouf,Saudi Arabia
5190,Fahad Mosaed Al Muwallad Al Harbi,Saudi Arabia
5191,Mohammed Al Burayk,Saudi Arabia
5192,Yehya Sulaiman Ali Al-Shehri,Saudi Arabia
5193,Yuri Zhirkov,Russia
5194,Fyodor Smolov,Russia
5195,Artem Dzyuba,Russia
5196,Mohammad Ibrahim Al Sahlawi,Saudi Arabia
5197,Omar Ibrahim Omar Othman Hawsawi,Saudi Arabia
5198,Diego da Silva Costa,Spain
5199,Jorge Resurrección Merodio,Spain
5200,Lucas Vázquez Iglesias,Spain
5201,Sergio Ramos García,Spain
5202,José Ignacio Fernández Iglesias,Spain
5203,Sergio Busquets i Burgos,Spain
5204,Bruno Miguel Borges Fernandes,Portugal
5205,Rui Pedro dos Santos Patrício,Portugal
5206,Rúben Santos Gato Alves Dias,Portugal
5207,Cristiano Ronaldo dos Santos Aveiro,Portugal
5208,Thiago Alcântara do Nascimento,Spain
5209,Raphaël Adelino José Guerreiro,Portugal
5211,Jordi Alba Ramos,Spain
5213,Gerard Piqué Bernabéu,Spain
5214,William Silva de Carvalho,Portugal
5215,Ricardo Andrade Quaresma Bernardo,Portugal
5216,Andrés Iniesta Luján,Spain
5217,Iago Aspas Juncal,Spain
5218,André Miguel Valente Silva,Portugal
5219,Romain Saïss,Morocco
5220,Morteza Pouraliganji,Iran
5221,Manuel Marouan da Costa Trinidade,Morocco
5222,Roozbeh Cheshmi,Iran
5223,Aziz Bouhaddouz,Morocco
5224,Sardar Azmoun,Iran
5225,Omid Ebrahimi,Iran
5226,Mehdi Taremi,Iran
5227,Alireza Safar Beiranvand,Iran
5228,Seyed Majid Hosseini,Iran
5229,Ayoub El Kaabi,Morocco
5230,Ehsan Hajsafi,Iran
5231,Karim Ansarifard,Iran
5232,Mbark Boussoufa,Morocco
5233,Munir Mohand Mohamedi,Morocco
5234,Sofyan Amrabat,Morocco
5235,Ramin Rezaeian,Iran
5236,Karim El Ahmadi Al Aroos,Morocco
5237,Hakim Ziyech,Morocco
5238,Masoud Shojaei Soleimani,Iran
5239,Alireza Jahanbakhsh,Iran
5240,Saman Ghoddos,Iran
5241,Vahid Amiri,Iran
5242,Younès Belhanda,Morocco
5243,Amine Harit,Morocco
5244,Medhi Amine El Mouttaqi Benatia,Morocco
5245,Achraf Hakimi Mouh,Morocco
5246,Luis Alberto Suárez Díaz,Uruguay
5247,Nahitan Michel Nández Acosta,Uruguay
5248,José Martín Cáceres Silva,Uruguay
5249,Diego Roberto Godín Leal,Uruguay
5250,Ahmed Fathy Abdel Meneim Ibrahim,Egypt
5251,Abdalla Mahmoud El Said Bekhit,Egypt
5252,Marwan Mohsen,Egypt
5253,Amr Medhat Warda,Egypt
5254,Ali Gabr,Egypt
5255,Matías Vecino Falero,Uruguay
5256,Cristian Gabriel Rodríguez Barrotti,Uruguay
5257,Mahmoud Abdul Monem Abdelhamid Soliman,Egypt
5258,Giorgian Daniel De Arrascaeta Benedetti,Uruguay
5259,José María Giménez de Vargas,Uruguay
5260,Rodrigo Bentancur Colmán,Uruguay
5261,Mahmoud Ibrahim Hassan,Egypt
5262,Tarek Hamed,Egypt
5263,Mohamed Abdul Shafy Sayed Abouezeid,Egypt
5264,Guillermo Varela Olivera,Uruguay
5265,Mohamed El Sayed Mohamed El Shenawy Gomaa,Egypt
5266,Lucas Torreira Di Pascua,Uruguay
5267,Néstor Fernando Muslera Micol,Uruguay
5268,Carlos Andrés Sánchez Arcosa,Uruguay
5454,Francis Odinaka Uzoho,Nigeria
5455,William Troost-Ekong,Nigeria
5456,Mateo Kovačić,Croatia
5457,Ivan Strinić,Croatia
5458,Odion Jude Ighalo,Nigeria
5459,Marko Pjaca,Croatia
5460,Andrej Kramarić,Croatia
5461,Šime Vrsaljko,Croatia
5462,Brian Oladapo Idowu,Nigeria
5463,Luka Modrić,Croatia
5464,Simeon Tochukwu Nwankwo,Nigeria
5465,Ante Rebić,Croatia
5466,Oghenekaro Etebo,Nigeria
5467,Leon Aderemi Balogun,Nigeria
5468,Domagoj Vida,Croatia
5469,Marcelo Brozović,Croatia
5470,Ivan Rakitić,Croatia
5471,Abdullahi Shehu,Nigeria
5472,Mario Mandžukić,Croatia
5473,Ahmed Musa,Nigeria
5474,Ivan Perišić,Croatia
5475,John Michael Nchekwube Obinna,Nigeria
5476,Benjamin Pavard,France
5477,Ousmane Dembélé,France
5478,Trent Sainsbury,Australia
5479,Aziz Eraltay Behich,Australia
5480,Corentin Tolisso,France
5481,Mathew Leckie,Australia
5482,Josh Risdon,Australia
5483,Daniel Arzani,Australia
5484,Lucas Hernández Pi,France
5485,Raphaël Varane,France
5486,Andrew Nabbout,Australia
5487,Antoine Griezmann,France
5488,Mark Milligan,Australia
5489,Mile Jedinak,Australia
5490,Jackson Irvine,Australia
5491,Tom Rogić,Australia
5492,Samuel Yves Umtiti,France
5493,Tomi Jurić,Australia
5494,Robbie Kruse,Australia
5495,Rúrik Gíslason,Iceland
5496,Cristian David Pavón,Argentina
5497,Gonzalo Gerardo Higuaín,Argentina
5498,Hannes Þór Halldórsson,Iceland
5499,Maximiliano Eduardo Meza,Argentina
5500,Björn Bergmann Sigurðarson,Iceland
5501,Hörður Björgvin Magnússon,Iceland
5502,Ari Freyr Skúlason,Iceland
5503,Lionel Andrés Messi Cuccittini,Argentina
5504,Éver Maximiliano David Banega,Argentina
5505,Kári Árnason,Iceland
5506,Javier Alejandro Mascherano,Argentina
5507,Nicolás Alejandro Tagliafico,Argentina
5508,Birkir Már Sævarsson,Iceland
5509,Birkir Bjarnason,Iceland
5510,Lucas Rodrigo Biglia,Argentina
5511,Ragnar Sigurðsson,Iceland
5512,Emil Hallfreðsson,Iceland
5513,Eduardo Antonio Salvio,Argentina
5514,Alfreð Finnbogason,Iceland
5515,Aron Einar Gunnarsson,Iceland
5516,Pione Sisto Ifolo Emirmija,Denmark
5517,William Vitved Kvist Jørgensen,Denmark
5518,Miguel Ángel Trauco Saavedra,Peru
5519,Christian Alberto Cueva Bravo,Peru
5520,Lasse Schöne,Denmark
5521,Luis Jan Piers Advíncula Castrillón,Peru
5522,Nicolai Jørgensen,Denmark
5523,Renato Fabrizio Tapia Cortijo,Peru
5524,Jens Stryger Larsen,Denmark
5525,Édison Michael Flores Peralta,Peru
5526,Pedro Jesús Aquino Sánchez,Peru
5527,Thomas Delaney,Denmark
5528,Pedro David Gallese Quiróz,Peru
5529,Víctor Yoshimar Yotún Flores,Peru
5530,Christian Guillermo Martín Ramos Garagay,Peru
5531,Jefferson Agustín Farfán Guadalupe,Peru
5532,Alberto Junior Rodríguez Valdelomar,Peru
5533,Raúl Mario Ruidíaz Misitich,Peru
5534,Simon Thorup Kjær,Denmark
5535,José Paolo Guerrero Gonzáles,Peru
5536,Yussuf Yurary Poulsen,Denmark
5537,Fabian Lukas Schär,Switzerland
5538,Denis Lemi Zakaria Lako Lado,Switzerland
5539,Carlos Henrique Casimiro,Brazil
5540,Valon Behrami,Switzerland
5541,Stephan Lichtsteiner,Switzerland
5542,José Paulo Bezzera Maciel Júnior,Brazil
5543,Haris Seferović,Switzerland
5544,Ricardo Iván Rodríguez Araya,Switzerland
5545,Breel-Donald Embolo,Switzerland
5546,Michael Lang,Switzerland
5547,Alisson Ramsés Becker,Brazil
5548,Steven Zuber,Switzerland
5549,Manuel Obafemi Akanji,Switzerland
5550,Yann Sommer,Switzerland
5551,João Miranda de Souza Filho,Brazil
5552,Marcelo Vieira da Silva Júnior,Brazil
5553,Renato Soares de Oliveira Augusto,Brazil
5554,Blerim Džemaili,Switzerland
5555,Julian Brandt,Germany
5556,Miguel Arturo Layún Prado,Mexico
5557,Timo Werner,Germany
5558,Rafael Márquez Álvarez,Mexico
5559,Marco Reus,Germany
5560,Carlos Alberto Vela Garrido,Mexico
5561,Hugo Ayala Castro,Mexico
5562,Thomas Müller,Germany
5563,José Andrés Guardado Hernández,Mexico
5564,Carlos Joel Salcedo Hernández,Mexico
5565,Mario Gómez García,Germany
5566,Sami Khedira,Germany
5567,Edson Omar Álvarez Velázquez,Mexico
5568,Raúl Alonso Jiménez Rodríguez,Mexico
5569,Marvin Plattenhardt,Germany
5570,Manuel Neuer,Germany
5571,Hirving Rodrigo Lozano Bahena,Mexico
5572,Mats Hummels,Germany
5573,Héctor Alfredo Moreno Herrera,Mexico
5574,Toni Kroos,Germany
5575,Héctor Miguel Herrera López,Mexico
5576,Jesús Daniel Gallardo Vasconcelos,Mexico
5577,Francisco Guillermo Ochoa Magaña,Mexico
5578,Jérôme Boateng,Germany
5579,Joshua Kimmich,Germany
5580,Duško Tošić,Serbia
5581,Joel Nathaniel Campbell Samuels,Costa Rica
5582,Celso Borges Mora,Costa Rica
5583,Aleksandar Prijović,Serbia
5584,Giancarlo González Castro,Costa Rica
5585,Daniel Colindres Solera,Costa Rica
5586,Marcos Danilo Ureña Porras,Costa Rica
5587,Adem Ljajić,Serbia
5588,Antonio Rukavina,Serbia
5589,Sergej Milinković-Savić,Serbia
5590,Johnny Acosta Zamora,Costa Rica
5591,Filip Kostić,Serbia
5592,Bryan Ruiz González,Costa Rica
5593,Christian Bolaños Navarro,Costa Rica
5594,Branislav Ivanović,Serbia
5595,Johan Alberto Venegas Ulloa,Costa Rica
5596,Aleksandar Kolarov,Serbia
5597,Keylor Navas Gamboa,Costa Rica
5598,Óscar Esau Duarte Gaitán,Costa Rica
5599,David Alberto Guzmán Pérez,Costa Rica
5600,Francisco Javier Calvo Quesada,Costa Rica
5601,Vladimir Stojković,Serbia
5602,Cristian Gamboa Luna,Costa Rica
5603,Nikola Milenković,Serbia
5604,Young-Gwon Kim,South Korea
5605,Oscar Hiljemark,Sweden
5606,Hyun-Soo Jang,South Korea
5607,Andreas Granqvist,Sweden
5608,Yong Lee,South Korea
5609,Joo-Ho Park,South Korea
5610,Min-Woo Kim,South Korea
5611,Gustav Svensson,Sweden
5612,Mikael Lustig,Sweden
5613,Viktor Claesson,Sweden
5615,Isaac Kiese Thelin,Sweden
5616,Seung-Woo Lee,South Korea
5617,Sebastian Larsson,Sweden
5618,Woo-Young Jung,South Korea
5619,Hyeon-Woo Jo,South Korea
5620,Hee-Chan Hwang,South Korea
5621,Ludwig Augustinsson,Sweden
5622,Robin Olsen,Sweden
5623,Jae-Sung Lee,South Korea
5624,Albin Ekdal,Sweden
5625,Emil Peter Forsberg,Sweden
5626,Shin-Wook Kim,South Korea
5627,Ja-Cheol Koo,South Korea
5628,José Luis Rodríguez Francis,Panama
5629,Gabriel Arturo Torres Tejada,Panama
5630,Dries Mertens,Belgium
5631,Blas Antonio Miguel Pérez Ortega,Panama
5632,Thorgan Hazard,Belgium
5633,Yannick Ferreira Carrasco,Belgium
5634,Erick Javier Davis Grajales,Panama
5635,Román Aureliano Torres Morcillo,Panama
5636,Jaime Manuel Penedo Cano,Panama
5637,Edgar Yoel Bárcenas Herrera,Panama
5638,Fidel Escobar Mendieta,Panama
5639,Anga Dedryck Boyata,Belgium
5640,Gabriel Enrique Gómez Girón,Panama
5641,Michael Amir Murillo Bermudez,Panama
5642,Axel Witsel,Belgium
5643,Luis Carlos Tejada Hansell,Panama
5644,Ismael Díaz De León,Panama
5645,Armando Enrique Cooper Whitaker,Panama
5646,Aníbal Cesis Godoy,Panama
5647,Ali Maâloul,Tunisia
5648,Farouk Ben Mustapha,Tunisia
5649,Anice Badri,Tunisia
5650,Ferjani Sassi,Tunisia
5651,Yassine Meriah,Tunisia
5652,Saber Khalifa,Tunisia
5653,Mouez Hassen,Tunisia
5654,Fakhreddine Ben Youssef,Tunisia
5655,Dylan Daniel Mahmoud Bronn,Tunisia
5656,Syam Ben Youssef,Tunisia
5657,Mohamed Amine Ben Amor,Tunisia
5658,Łukasz Piszczek,Poland
5659,Khadim N'Diaye,Senegal
5660,Piotr Zieliński,Poland
5661,M'Baye Babacar Niang,Senegal
5662,Thiago Rangel Cionek,Poland
5663,Jakub Błaszczykowski,Poland
5664,Salif Sané,Senegal
5665,Arkadiusz Milik,Poland
5666,Dawid Kownacki,Poland
5667,Kamil Grosicki,Poland
5668,Robert Lewandowski,Poland
5669,Wojciech Szczęsny,Poland
5670,Michał Pazdan,Poland
5671,Alfred John Momar N'Diaye,Senegal
5672,Maciej Rybus,Poland
5673,Bartosz Bereszyński,Poland
5674,Moussa Wagué,Senegal
5675,Kalidou Koulibaly,Senegal
5676,Cheikh N'Doye,Senegal
5677,Fedor Kudryashov,Russia
5678,Jefferson Andrés Lerma Solís,Colombia
5679,Yūya Ōsako,Japan
5680,Oscar Fabián Murillo Murillo,Colombia
5681,Makoto Hasebe,Japan
5682,Gen Shōji,Japan
5683,Keisuke Honda,Japan
5684,Shinji Kagawa,Japan
5685,Carlos Alberto Sánchez Moreno,Colombia
5686,Wílmar Enrique Barrios Terán,Colombia
5687,Takashi Inui,Japan
5688,Carlos Arturo Bacca Ahumada,Colombia
5689,Juan Guillermo Cuadrado Bello,Colombia
5690,Yuto Nagatomo,Japan
5691,Johan Andrés Mojica Palacio,Colombia
5692,Juan Fernando Quintero Paniagua,Colombia
5693,Gaku Shibasaki,Japan
5694,Hotaru Yamaguchi,Japan
5695,James David Rodríguez Rubio,Colombia
5696,Santiago Arias Naranjo,Colombia
5697,Genki Haraguchi,Japan
5713,Mohammed Kanoo,Saudi Arabia
5714,Mohammed Khalil Al Owais,Saudi Arabia
5715,Ali Albulayhi,Saudi Arabia
5716,Hussain Al Mogahwi,Saudi Arabia
5717,Diego Sebastián Laxalt Suárez,Uruguay
5718,Rodrigo Moreno Machado,Spain
5719,Marco Asensio Willemsen,Spain
5720,Milad Mohammadi,Iran
5721,Daniel Carvajal Ramos,Spain
5722,Saeid Ezatolahi Afagh,Iran
5723,Gelson Dany Batalha Martins,Portugal
5724,Fayçal Fajr,Morocco
5725,Mehdi Carcela-González,Morocco
5726,Khalid Boutaïb,Morocco
5727,Nabil Dirar,Morocco
5732,Andreas Evald Cornelius,Denmark
5737,Steven N'Kemboanza Mike Christopher Nzonzi,France
5738,Anderson Santamaría Bardales,Peru
5739,Vedran Ćorluka,Croatia
5741,Enzo Nicolás Pérez,Argentina
5742,Gabriel Iván Mercado,Argentina
5743,Paulo Bruno Exequiel Dybala,Argentina
5829,Jón Daði Böðvarsson,Iceland
5830,Kenneth Josiah Omeruo,Nigeria
5831,Sverrir Ingi Ingason,Iceland
5832,Tyronne Ebuehi,Nigeria
5833,Nemanja Radonjić,Serbia
5834,Mario Gavranović,Switzerland
5835,Josip Drmic,Switzerland
5836,Bryan Oviedo,Costa Rica
5837,Douglas Costa de Souza,Brazil
5838,Fágner Conserva Lemos,Brazil
5839,Yeltsin Ignacio Tejeda Valverde,Costa Rica
5936,Hamdi Nagguez,Tunisia
5985,Jesús Manuel Corona Ruíz,Mexico
5986,Chul Hong,South Korea
5987,Giovani dos Santos Ramírez,Mexico
5988,Se-Jong Ju,South Korea
5989,Seon-Min Moon,South Korea
6038,John Guidetti,Sweden
6039,Sebastian Rudy,Germany
6040,Jonas Hector,Germany
6138,Ricardo Guardia Avila,Panama
6139,Felipe Abdiel Baloy Ramírez,Panama
6140,Abdiel Arroyo Molinar,Panama
6191,Takashi Usami,Japan
6192,Abel Enrique Aguilar Tapia,Colombia
6193,Andrés Mateus Uribe Villa,Colombia
6194,Łukasz Teodorczyk,Poland
6195,Jacek Góralski,Poland
6196,Yerry Fernando Mina González,Colombia
6290,Motaz Ali Hassan Hawsawi,Saudi Arabia
6291,Yasser Abdullah Al Mosailem,Saudi Arabia
6292,Essam Kamal Tawfik El Hadary,Egypt
6297,Maximiliano Gómez González,Uruguay
6298,Igor Smolnikov,Russia
6299,Aleksey Miranchuk,Russia
6300,Sebastián Coates Nión,Uruguay
6301,Youssef En-Nesyri,Morocco
6302,Kasper Dolberg,Denmark
6303,Viktor Fischer,Denmark
6304,Arnór Ingvi Traustason,Iceland
6305,Milan Badelj,Croatia
6306,Albert Gudmundsson,Iceland
6307,Duje Ćaleta-Car,Croatia
6308,Josip Pivarić,Croatia
6309,Tin Jedvaj,Croatia
6310,Filip Bradarić,Croatia
6311,Lovre Kalinić,Croatia
6312,Franco Armani,Argentina
6313,Wilder José Cartagena Mendoza,Peru
6314,Tim Cahill,Australia
6315,Christopher Paolo César Hurtado Huertas,Peru
6316,Oribe Peralta Morones,Mexico
6317,Marco Jhonfai Fabián De La Mora,Mexico
6318,Andrija Živković,Serbia
6319,Luka Jović,Serbia
6320,Filipe Luís Kasmirski,Brazil
6321,Milos Veljkovic,Serbia
6322,Niklas Süle,Germany
6323,Young-Sun Yun,South Korea
6324,Leon Goretzka,Germany
6325,Yo-Han Go,South Korea
6326,Rodney Wallace,Costa Rica
6327,Rándall Azofeifa Corrales,Costa Rica
6328,Kendall Jamaal Waston Manley,Costa Rica
6329,Ian Rey Smith Quiros,Costa Rica
6330,Adnan Januzaj,Belgium
6331,Leander Dendoncker,Belgium
6332,Thomas Vermaelen,Belgium
6333,Miguel Ángel Borja Hernández,Colombia
6334,Luis Fernando Muriel Fruto,Colombia
6335,Lamine Gassama,Senegal
6336,Rafał Kurzawa,Poland
6337,Yoshinori Muto,Japan
6338,Tomoaki Makino,Japan
6339,Gotoku Sakai,Japan
6340,Sławomir Peszko,Poland
6342,Aymen Mathlouthi,Tunisia
6343,Harold Oshkaly Cummings Segura,Panama
6344,Luis Carlos Ovalle Victoria,Panama
6345,Rami Bedoui,Tunisia
6346,Adolfo Abdiel Machado,Panama
6347,Ghilane Chalali,Tunisia
6348,Ahmed Khalil,Tunisia
6349,Federico Julián Fazio,Argentina
6350,Manuel Henrique Tavares Fernandes,Portugal
6351,Cristhian Ricardo Stuani Curbelo,Uruguay
6352,Ricardo Domingos Barbosa Pereira,Portugal
6353,Vladimir Granat,Russia
6354,Aleksandr Erokhin,Russia
6355,Jonas Knudsen,Denmark
6356,Michael Krohn-Dehli,Denmark
6357,Jonathan dos Santos Ramírez,Mexico
6358,Emil Krafth,Sweden
6359,Johan Danon Djourou-Gbadjere,Switzerland
6360,Cristian Eduardo Zapata Valencia,Colombia
6374,Nélson Cabral Semedo,Portugal
6377,Ángel Martín Correa,Argentina
6378,Jan Oblak,Slovenia
6383,Thomas Teye Partey,Ghana
6393,Iñaki Williams Arthuer,Ghana
6399,Gareth Frank Bale,Wales
6406,Gabriel dos Santos Magalhães,Brazil
6426,Jonathan Matías Urretaviscaya da Luz,Uruguay
6574,Douglas Luiz Soares de Paulo,Brazil
6583,Carlos Soler Barragán,Spain
6596,José Luis Gayà Peña,Spain
6648,Aïssa Mandi,Algeria
6655,Fabián Ruiz Peña,Spain
6685,Mikel Oyarzabal Ugarte,Spain
6687,Saša Lukić,Serbia
6704,Theo Bernard François Hernández,France
6720,Pablo Sarabia García,Spain
6748,Ferrán Torres García,Spain
6765,Rodrigo Hernández Cascante,Spain
6766,Gerard Moreno Balaguero,Spain
6773,Federico Santiago Valverde Dipetta,Uruguay
6782,Enis Bardhi,North Macedonia
6785,Yassine Bounou,Morocco
6797,Daniel Wass,Denmark
6798,Stanislav Lobotka,Slovakia
6806,Shaquell Moore,United States
6821,Jesús Navas González,Spain
6826,Clément Lenglet,France
6840,Marcos Llorente Moreno,Spain
6846,Andreas Hoelgebaum Pereira,Brazil
6849,Lucas Digne,France
6855,Guillermo Alfonso Maripán Loaysa,Chile
6862,Cédric Bakambu,Congo DR
6892,Pau Francisco Torres,Spain
6901,Nemanja Maksimović,Serbia
6909,Damián Emiliano Martínez,Argentina
6919,Guilherme Antonio Arana Lopes,Brazil
6945,Alex Sandro Lobo Silva,Brazil
6954,Giorgio Chiellini,Italy
6963,Lorenzo Pellegrini,Italy
6964,Alessandro Florenzi,Italy
6971,Cengiz Ünder,Turkey
6979,Stephan El Shaarawy,Italy
6983,Remo Freuler,Switzerland
6985,Robin Gosens,Germany
6988,Musa Barrow,Gambia
6989,Timothy Castagne,Belgium
6990,Milan Škriniar,Slovakia
6993,Bryan Cristante,Italy
6994,Marten de Roon,Netherlands
7002,Rafael Tolói,Italy
7004,Gianluca Mancini,Italy
7005,João Pedro Cavaco Cancelo,Portugal
7006,Alejandro Darío Gómez,Argentina
7015,Dennis Praet,Belgium
7023,Franck Yannick Kessié,Côte d'Ivoire
7024,Jorge Luiz Frello Filho,Italy
7025,Marek Hamšík,Slovakia
7031,Elseid Hysaj,Albania
7036,Gianluigi Donnarumma,Italy
7037,Lorenzo Insigne,Italy
7038,Manuel Locatelli,Italy
7039,Hakan Çalhanoğlu,Turkey
7044,Patrik Schick,Czech Republic
7087,Saba Lobzhanidze,Georgia
7097,Christian Nørgaard,Denmark
7104,Mathías Olivera Miramontes,Uruguay
7108,Berat Djimsiti,Albania
7117,Filip Đuričić,Serbia
7119,Francesco Acerbi,Italy
7131,Domenico Berardi,Italy
7139,Josip Iličić,Slovenia
7143,Gianluca Lapadula Vargas,Peru
7145,Darko Lazović,Serbia
7146,Goran Pandev,North Macedonia
7153,Jordan Veretout,France
7156,Federico Chiesa,Italy
7161,Germán Alejandro Pezzella,Argentina
7162,Ádám Nagy,Hungary
7173,Leonardo Bonucci,Italy
7175,Erick Antonio Pulgar Farfán,Chile
7197,Steven Moreira,Cape Verde Islands
7214,El-Hadji Ba,Mauritania
7294,Yoane Wissa,Congo DR
7295,Sikou Niakate,Mali
7345,Mattéo Guendouzi Olié,France
7355,Olivier Michel Kemen,Cameroon
7360,Julian Jeanvier,Guinea
7378,Yunis Abdelhamid,Morocco
7379,Edouard Mendy,Senegal
7386,Harold Moukoudi,Cameroon
7426,Jean-Charles Castelletto,Cameroon
7439,Axel Disasi,France
7459,Jawad El Yamiq,Morocco
7469,Salvatore Sirigu,Italy
7471,Andrea Belotti,Italy
7472,Nicolas Alexis Julio N'Koulou Ndoubena,Cameroon
7475,Tomás Eduardo Rincón Hernández,Venezuela
7480,Alessandro Bastoni,Italy
7531,Qazim Laçi,Albania
7551,Enzo Ebosse,Cameroon
7568,Opa Sangante,Guinea-Bissau
7655,Lasha Dvali,Georgia
7663,Adam Buksa,Poland
7693,Bruno Petković,Croatia
7713,Obite Evan Ndicka,Côte d'Ivoire
7745,Steven Berghuis,Netherlands
7753,Jamiro Gregory Monteiro Alvarenga,Cape Verde Islands
7777,Federico Bernardeschi,Italy
7787,Stefan de Vrij,Netherlands
7788,Ciro Immobile,Italy
7789,Thomas Strakosha,Albania
7791,Seko Fofana,Côte d'Ivoire
7796,Silvan Widmer,Switzerland
7797,Rodrigo Javier De Paul,Argentina
7801,Antonín Barák,Czech Republic
7829,Wout Weghorst,Netherlands
7839,Guram Kashia,Georgia
7843,Mason Mount,England
7890,Owen Wijndal,Netherlands
7891,Teun Koopmeiners,Netherlands
7900,Tiago Manuel Dias Correia,Cape Verde Islands
7964,Karol Linetty,Poland
7966,Filip Helander,Sweden
7975,Lukáš Haraslín,Slovakia
7979,Przemysław Frankowski,Poland
7982,Taras Wiktorowicz Romanczuk,Poland
7993,Filip Mladenović,Serbia
8012,José Kanté Martínez,Guinea
8050,Tarik Tissoudali,Morocco
8056,Fredrik Jensen,Finland
8064,André Onana,Cameroon
8067,Joël Veltman,Netherlands
8068,Maximilian Wöber,Austria
8069,Matthijs de Ligt,Netherlands
8095,Jakub Jankto,Czech Republic
8108,Lawrence Ati-Zigi,Ghana
8116,Václav Černý,Czech Republic
8118,Frenkie de Jong,Netherlands
8125,Denzel Dumfries,Netherlands
8181,Nicolò Barella,Italy
8211,Benjamin Henrichs,Germany
8212,Wendell Nascimento Borges,Brazil
8215,Kevin Volland,Germany
8217,Kingsley Coman,France
8219,Admir Mehmedi,Switzerland
8220,David Olatukunbo Alaba,Austria
8221,Jonathan Tah,Germany
8227,Mario Götze,Germany
8240,Koen Casteels,Belgium
8246,Christian Pulisic,United States
8247,Joachim Andersen,Denmark
8259,Steven Bergwijn,Netherlands
8284,Amadou Diawara,Guinea
8286,Leonardo Spinazzola,Italy
8289,Bartosz Salamon,Poland
8291,Arlind Afrim Ajeti,Albania
8307,Martin Hinteregger,Austria
8309,Michael Gregoritsch,Austria
8326,Andries Noppert,Netherlands
8346,Craig Goodwin,Australia
8349,Deroy Duarte,Cape Verde Islands
8361,Ritsu Doan,Japan
8400,Serge Gnabry,Germany
8407,Ádám Szalai,Hungary
8422,Ľubomír Tupta,Slovakia
8454,Mohamed Bayo,Guinea
8505,Naby Deco Keïta,Guinea
8506,Konrad Laimer,Austria
8507,Lukas Klostermann,Germany
8509,Willi Orban,Hungary
8511,Thilo Kehrer,Germany
8513,Stefan Ilsanker,Austria
8518,Marcel Sabitzer,Austria
8519,Dayotchanculle Upamecano,France
8520,Nabil Bentaleb,Algeria
8524,Péter Gulácsi,Hungary
8525,Marcel Halstenberg,Germany
8526,Weston McKennie,United States
8538,Waldemar Anton,Germany
8541,Kenan Karaman,Turkey
8546,Niclas Füllkrug,Germany
8552,Robin Quaison,Sweden
8553,Abdou Diallo,Senegal
8561,Fabian Frei,Switzerland
8579,Vladimír Darida,Czech Republic
8591,Samuel Yves Oum Gwet,Cameroon
8621,Morten Hjulmand,Denmark
8654,Ante Budimir,Croatia
8660,George Alexandru Puşcaş,Romania
8667,Lukáš Hrádecký,Finland
8669,Mijat Gaćinović,Serbia
8673,Sébastien Haller,Côte d'Ivoire
8714,Damian Szymański,Poland
8737,Tymoteusz Puchacz,Poland
8759,Diadie Samassekou,Mali
8769,Xaver Schlager,Austria
8773,Marin Pongracic,Croatia
8774,Amadou Haïdara,Mali
8776,Takumi Minamino,Japan
8777,Andreas Ulmer,Austria
8778,Gernot Trauner,Austria
8779,Stefan Lainer,Austria
8784,Romano Schmid,Austria
8785,Patson Daka,Zambia
8792,Mattia Zaccagni,Italy
8804,Jonas Hofmann,Germany
8808,Matthias Ginter,Germany
8814,Nico Elvedi,Switzerland
8815,Jannik Vestergaard,Denmark
8817,Jhon Andrés Córdoba Copete,Colombia
8819,Alexander Isak,Sweden
8830,Andriy Yarmolenko,Ukraine
8836,Karol Świderski,Poland
8854,Wout Faes,Belgium
8859,Ajdin Hrustic,Australia
8931,Philipp Lienhart,Austria
8946,Josip Brekalo,Croatia
8949,Takuma Asano,Japan
8950,Orel Mangala,Belgium
8961,Jacob Bruun Larsen,Denmark
8963,Caglar Söyüncü,Turkey
8966,Kai Havertz,Germany
8967,Ondrej Duda,Slovakia
8992,Ibrahim Sissoko,Mali
9000,Eberechi Eze,England
9036,David Wallace Wotherspoon,Canada
9048,Stephen O''Donnell,Scotland
9085,Salih Özcan,Turkey
9086,Louis Schaub,Austria
9102,Serhou Guirassy,Guinea
9164,Christopher Trimmel,Austria
9195,Robert Andrich,Germany
9236,Mohamed Dräger,Tunisia
9286,Antoine Semenyo,Ghana
9361,Houboulang Mendes,Guinea-Bissau
9397,Pavel Kadeřábek,Czech Republic
9411,Daichi Kamada,Japan
9430,Jason Cummings,Australia
9466,Che Adams,Scotland
9476,Teemu Pukki,Finland
9478,Kenneth McLean,Scotland
9481,Grant Campbell Hanley,Scotland
9540,Harry Wilson,Wales
9550,Reece James,England
9621,Liam Cooper,Scotland
9622,Mateusz Andrzej Klich,Poland
9638,Jack Grealish,England
9640,Jarrod Bowen,England
9645,David Marshall,Scotland
9722,Peter Pekarík,Slovakia
9725,Joel Pohjanpalo,Finland
9731,Patrick Pentz,Austria
9859,Elisha Owusu,Ghana
9893,Klaus Gjasula,Albania
9904,Frederico Rodrigues Santos,Brazil
9914,Daniel Ward,Wales
9922,David Junior Hoilett,Canada
9923,Bobby Armani De Cordova-Reid,Jamaica
9927,Rúben Diogo Da Silva Neves,Portugal
9929,Diogo José Teixeira da Silva,Portugal
9933,Willy Boly,Côte d'Ivoire
9974,John McGinn,Scotland
9980,Jamie MacLaren,Australia
10002,Scott McKenna,Scotland
10039,Ghislain Konan,Côte d'Ivoire
10040,Youcef Atal,Algeria
10280,Aboubakar Kamara,Mauritania
10285,Stuart Armstrong,Scotland
10287,İlkay Gündoğan,Germany
10290,Fabián Cornelio Balbuena González,Paraguay
10323,Alfa Semedo Esteves,Guinea-Bissau
10327,Rafael Alexandre Fernandes Ferreira da Silva,Portugal
10336,Alejandro Grimaldo García,Spain
10337,Yordan Hernando Osorio Paredes,Venezuela
10349,Mehmet Zeki Çelik,Turkey
10448,Adam Ounas,Algeria
10477,Stefan Mitrović,Serbia
10481,Aurélien Djani Tchouaméni,France
10530,Jules Olivier Ntcham,Cameroon
10534,Callum McGregor,Scotland
10536,James Forrest,Scotland
10540,Kieran Tierney,Scotland
10573,Jonathan Buatu Mananga,Angola
10577,Jacinto Muondo Dala,Angola
10592,Stefan Ristovski,North Macedonia
10595,Raphael Dias Belloli,Brazil
10598,Jovane Eduardo Borges Cabral,Cape Verde Islands
10705,Mamadou Fofana,Mali
10794,Gergő Lovrencsics,Hungary
10826,Mert Müldür,Turkey
10832,Pyry Henri Hidipo Soiri,Finland
10836,Sergio Fernando Peña Flores,Peru
10844,Alfredo Kulembe Ribeiro,Angola
10848,Reinildo Isnard Mandava,Mozambique
10854,Euciodálcio Gomes,Guinea-Bissau
10865,Witiness Chimoio João Quembo,Mozambique
10868,Ricardo Jorge Luz Horta,Portugal
10915,Denis Alibec,Romania
10916,Nicolae Claudiu Stanciu,Romania
10919,Juraj Kucka,Slovakia
10922,Vladimír Weiss,Slovakia
10927,Michal Ďuriš,Slovakia
10928,Chris Gunter,Wales
10931,Joe Allen,Wales
10955,Harry Kane,England
10956,Eric Dier,England
10960,Jamie Vardy,England
10992,Gianluca Scamacca,Italy
11000,Taras Stepanenko,Ukraine
11086,Burak Yılmaz,Turkey
11088,Ozan Tufan,Turkey
11098,Marcus Berg,Sweden
11116,Jack Hendry,Scotland
11127,Borna Barišić,Croatia
11135,Ibrahima Konaté,France
11162,Jhonder Leonel Cádiz Fernández,Venezuela
11173,Sérgio Miguel Relvas Gonçalves Pereira de Oliveira,Portugal
11174,Vincent Paté Aboubakar,Cameroon
11183,Alex Nicolao Telles,Brazil
11184,Otávio Edmilson da Silva Monteiro,Portugal
11187,Stephen Antunes Eustáquio,Canada
11250,Joe Rodon,Wales
11252,Daniel James,Wales
11268,Attila Fiola,Hungary
11277,Victor James Osimhen,Nigeria
11278,Karim Onisiwo,Austria
11280,Valentino Lazaro,Austria
11281,Alessandro Schöpf,Austria
11333,Adama Traoré Diarra,Spain
11335,Otar Kiteishvili,Georgia
11383,László Bénes,Slovakia
11388,Néstor Alejandro Araújo Razo,Mexico
11396,Florian Grillitsch,Austria
11416,Jon Gorenc Stankovič,Slovenia
11456,Lautaro Javier Martínez,Argentina
11457,Vincent Sierro,Switzerland
11492,Temitayo Olufisayo Olaoluwa Aina,Nigeria
11493,Gleison Bremer Silva Nascimento,Brazil
11501,Darwin Daniel Machís Marcano,Venezuela
11508,Łukasz Skorupski,Poland
11514,Giovanni Di Lorenzo,Italy
11515,Ismael Bennacer,Algeria
11541,Tomáš Vaclík,Czech Republic
11601,Matteo Pessina,Italy
11603,Mario Pašalić,Croatia
11737,Krystian Bielik,Poland
11748,Unai Simón Mendibil,Spain
11820,Kevin Danso,Austria
11821,Stefan Posch,Austria
11846,Steven de Sousa Vitoria,Canada
11923,Yacoub Aly Abeid,Mauritania
11990,Youssouf Fofana,France
12034,David Raum,Germany
12041,João Félix Sequeira,Portugal
12064,Mama Samba Baldé,Guinea-Bissau
12111,Rayan Aït Nouri,Algeria
12148,Marcus Forss,Finland
12149,Nayef Aguerd,Morocco
12169,João Maria Lobo Alves Palhinha Gonçalves,Portugal
12175,Carlos Mendes Gomes,Guinea-Bissau
12255,Federico Dimarco,Italy
12259,Denis Odoi,Ghana
12293,Kaan Ayhan,Turkey
12306,Dodi Lukebakio,Belgium
12325,Abdul Rahman Baba,Ghana
12326,Renato Steffen,Switzerland
12352,Matthew Charles Turner,United States
12365,Alphonso Davies,Canada
12407,Maximilian Mittelstädt,Germany
12423,Jadon Sancho,England
12493,Krzysztof Piątek,Poland
12496,Christian Kouamé,Côte d'Ivoire
12498,Omar Colley,Gambia
12510,Ryan Christie,Scotland
12524,Walker Zimmerman,United States
12555,Okay Yokuşlu,Turkey
12557,Falaye Sacko,Mali
12583,Carlos Armando Gruezo Arboleda,Ecuador
12603,Miguel Ángel Almirón Rejala,Paraguay
12623,Pierre Kunde Malong,Cameroon
12625,Borna Sosa,Croatia
12723,Nemanja Nikolić,Hungary
12751,Tyler Adams,United States
12758,Alejandro Romero Gamarra,Paraguay
12770,Jonathan Osorio,Canada
12803,Romario Andrés Ibarra Mina,Ecuador
12807,Rasmus Schüller,Finland
12921,Barnabás Varga,Hungary
13025,Jefferson David Savarino Quintero,Venezuela
13035,Kellyn Kai Perry-Acosta,United States
13116,Jason Denayer,Belgium
13197,Tomáš Kalas,Czech Republic
13215,Glen Kamara,Finland
13314,Famara Diedhiou,Senegal
13315,Philipp Mwene,Austria
13329,Silas Katompa Mvumpa,Congo DR
13360,Quincy Anton Promes,Netherlands
13367,Joseph Martín Mora Cortéz,Costa Rica
13433,Julio César Cascante Solórzano,Costa Rica
13435,Andy Jorman Polo Andrade,Peru
13454,Nouhou Tolo,Cameroon
13493,Cristian Sleiker Cásseres Yepes,Venezuela
13577,Wes Harding,Jamaica
13581,Emilio Nsue López,Equatorial Guinea
13620,Éder Gabriel Militão,Brazil
13621,Danilo Luís Hélio Pereira,Portugal
15311,Ahmed Hassan Mahgoub,Egypt
15326,Devis Rogers Epassy Mboka,Cameroon
15416,Jukka Raitala,Finland
15452,Carlos Uriel Antuna Romero,Mexico
15477,Ronald Alberto Matarrita Ulate,Costa Rica
15481,Alexander Martín Marquinho Callens Asín,Peru
15503,Jerdy Schouten,Netherlands
15545,Vyacheslav Karavaev,Russia
15546,Matúš Bero,Slovakia
15582,Donyell Malen,Netherlands
15731,Predrag Rajković,Serbia
15859,Bartosz Slisz,Poland
15872,Érick Gabriel Gutiérrez Galaviz,Mexico
15890,Noussair Mazraoui,Morocco
15896,Timi Elšnik,Slovenia
15957,Miloš Degenek,Australia
15958,Milan Borjan,Canada
15970,Pape Abou Cissé,Senegal
15971,Cameron Carter-Vickers,United States
16001,Garry Mendes Rodrigues,Cape Verde Islands
16005,Solomon Kverkvelia,Georgia
16015,Nicolas Moumi Ngamaleu,Cameroon
16016,Michel Aebischer,Switzerland
16018,Loris Benito,Switzerland
16022,Christian Fassnacht,Switzerland
16025,Mohamed Aly Camara,Guinea
16026,Djibril Sow,Switzerland
16027,Kevin Mbabu,Switzerland
16028,José Diogo Dalot Teixeira,Portugal
16037,Michael Krmenčík,Czech Republic
16041,Patrik Hrošovský,Slovakia
16047,Jaka Bijol,Slovenia
16120,Richie Laryea,Canada
16184,Luis Fernando Sinisterra Lucumí,Colombia
16190,Rasmus Nissen Kristensen,Denmark
16249,Yangel Clemente Herrera Ravelo,Venezuela
16252,Mark Anthony Kaye,Canada
16275,Ikoma Loïs Openda,Belgium
16281,Hans Vanaken,Belgium
16290,Ján Greguš,Slovakia
16294,Robert Skov,Denmark
16298,Denis Vavro,Slovakia
16301,Nicolai Møller Boilesen,Denmark
16307,Róbert Mak,Slovakia
16308,Leandro Daniel Paredes,Argentina
16311,Evgeny Makarenko,Ukraine
16329,Bubacarr Sanneh,Gambia
16335,Samuel Chimerenka Chukwueze,Nigeria
16344,Răzvan Gabriel Marin,Romania
16346,Ngoran Suiru Fai Collins,Cameroon
16352,Issam Jebali,Tunisia
16459,Cyle Larin,Canada
16469,Tomáš Holeš,Czech Republic
16472,Lukáš Masopust,Czech Republic
16489,Nemanja Gudelj,Serbia
16502,László Kleinheisler,Hungary
16509,Viktor Tsygankov,Ukraine
16510,Benjamin Verbič,Slovenia
16514,Serhii Sydorchuk,Ukraine
16527,Mislav Oršić,Croatia
16528,Petar Stojanović,Slovenia
16531,Dominik Livaković,Croatia
16532,Daniel Olmo Carvajal,Spain
16535,Eljif Elmas,North Macedonia
16546,Joseph Paintsil,Ghana
16548,Mbwana Ally Samatta,Tanzania
16550,Jere Juhani Uronen,Finland
16554,Joakim Mæhle,Denmark
16557,Ruslan Malinovskiy,Ukraine
16559,Leandro Trossard,Belgium
16570,Vladimír Coufal,Czech Republic
16583,Georgiy Dzhikiya,Russia
16607,Assan Ceesay,Gambia
16629,Ivan Trichkovski,North Macedonia
16637,Cristian Jesús Martínez,Panama
16740,Boban Nikolov,North Macedonia
16741,Loïc Négo,Hungary
16768,Michael Hector,Jamaica
16811,Marlos Romero Bonfim,Ukraine
16879,Dávid Hancko,Slovakia
16931,Lewis Morgan,Scotland
17033,Mohammed Kudus,Ghana
17042,Andreas Skov Olsen,Denmark
17043,Victor Nelsson,Denmark
17592,William Saliba,France
17618,Carlos Akapo Martínez,Equatorial Guinea
17620,Marc Cucurella Saseta,Spain
17974,Gregor Kobel,Switzerland
18015,Dušan Vlahović,Serbia
18163,Moses Daddy-Ajala Simon,Nigeria
18242,Tim Ream,United States
18244,Grady Diangana,Congo DR
18360,Rafael Alexandre Conceição Leão,Portugal
18395,Vinícius José Paixão de Oliveira Júnior,Brazil
18516,Habibou Mouhamadou Diallo,Senegal
18617,Mykola Matvienko,Ukraine
18618,Serhiy Kryvtsov,Ukraine
18639,Mathieu Choiniere,Canada
18651,Carlos Manuel Cardoso Mané,Guinea-Bissau
18722,Mathias Jensen,Denmark
18723,Yunus Akgün,Turkey
18724,Sofiane Feghouli,Algeria
18734,Rifat Zhemaletdinov,Russia
18735,Dmitriy Barinov,Russia
18737,Srđan Babić,Serbia
18762,Sasa Kalajdzic,Austria
18783,Omenuke Mfulu,Congo DR
18797,Ryan Porteous,Scotland
18855,Jhon Janer Lucumí Bonilla,Colombia
18874,Mauricio Aníbal Isla Isla,Chile
18879,Arijan Ademi,North Macedonia
18881,Artem Besedin,Ukraine
18927,Jakub Świerczok,Poland
19101,Ariel Lassiter,Costa Rica
19316,Roland Sallai,Hungary
19426,Tarryn Allarakhia,Tanzania
19597,Marcos Javier Acuña,Argentina
19677,Karim Benzema,France
19988,Jimmy Durmaz,Sweden
20002,Jakub Hromada,Slovakia
20004,Paul Pogba,France
20005,Toby Alderweireld,Belgium
20016,Kléper Laveran Lima Ferreira,Portugal
20033,Luuk de Jong,Netherlands
20037,Julian Baumgartlinger,Austria
20043,Norbert Gyömbér,Slovakia
20201,Maarten Stekelenburg,Netherlands
20355,Tomáš Pekhart,Czech Republic
20572,Cristian Gabriel Romero,Argentina
20600,Vanja Milinković Savić,Serbia
20611,Boulaye Dia,Senegal
20687,Nicolás Iván González,Argentina
20750,Cody Mathès Gakpo,Netherlands
20758,Krépin Diatta,Senegal
20827,Vitalii Mykolenko,Ukraine
20840,Zinho Gano,Guinea-Bissau
20841,Jakub Piotrowski,Poland
20845,Magomed Ozdoev,Russia
20871,Pierre Bengtsson,Sweden
21026,Pape Gueye,Senegal
21081,Juan Marcos Foyth,Argentina
21131,John Yeboah Zamora,Ecuador
21173,Laros Duarte,Cape Verde Islands
21201,Ethan Horvath,United States
21209,Dominik Szoboszlai,Hungary
21214,Ilias Chair,Morocco
21226,Tomáš Chorý,Czech Republic
21261,Jonas Older Wind,Denmark
21271,Dorukhan Toköz,Turkey
21294,Mykola Shaparenko,Ukraine
21298,Matvey Safonov,Russia
21315,Bruno Miranda Villagomez,Bolivia
21390,Andriy Lunin,Ukraine
21397,Stole Dimitrievski,North Macedonia
21442,Leo Onni Artturi Väisänen,Finland
21532,Daniel Bachmann,Austria
21547,Noa Lang,Netherlands
21567,İbrahim Halil Dervişoğlu,Turkey
21582,Tijjani Reijnders,Netherlands
21633,Joey Veerman,Netherlands
21736,Zakaria Aboukhlal,Morocco
21809,Jurriën David Norman Timber,Netherlands
21879,Kenneth Taylor,Netherlands
21881,Sergino Dest,United States
22008,Haji Wright,United States
22026,Michal Sadílek,Czech Republic
22041,Marko Livaja,Croatia
22067,Woo-Yeong Jeong,South Korea
22074,Joseff Morrell,Wales
22084,Bukayo Saka,England
22097,Randal Kolo Muani,France
22128,Robin Aime Robert Le Normand,Spain
22168,Joshua Sargent,United States
22212,Orkun Kökçü,Turkey
22242,Heorhii Tsitaishvili,Georgia
22243,Heorhii Bushchan,Ukraine
22256,Roderick Alonso Miller Molina,Panama
22274,Bruno Lourenço Pinto de Almeida Paz,Angola
22293,Harry Souttar,Australia
22308,Anthony Ralston,Scotland
22352,Lutsharel Geertruida,Netherlands
22371,Bailey Wright,Australia
22379,Angus Gunn,Scotland
22433,Jesus Ferreira,United States
22565,Szabolcs Schön,Hungary
22600,Lucas Tolentino Coelho de Lima,Brazil
22740,Kang-In Lee,South Korea
22818,Dejan Kulusevski,Sweden
22823,Dimitry Bertaud,Congo DR
23013,Eulânio Ângelo Chipela Gomes,Guinea-Bissau
23203,Stopilla Sunzu,Zambia
23230,Ryan Gravenberch,Netherlands
23256,Pedro Lomba Neto,Portugal
23260,Emmanuel Justine Rabby Banda,Zambia
23264,Seung-Ho Paik,South Korea
23301,Kenny Rocha Santos,Cape Verde Islands
23307,Idrissa Doumbia,Côte d'Ivoire
23331,Boubakar Kouyate,Mali
23363,Liam Millar,Canada
23420,Lubambo Musonda,Zambia
23444,Kristoffer Olsson,Sweden
23452,Alex Král,Czech Republic
23454,Petr Ševčík,Czech Republic
23527,Junya Ito,Japan
23538,Sadegh Moharrami,Iran
23558,Merih Demiral,Turkey
23559,José Ndong Machín Dicombo,Equatorial Guinea
23614,Chris Führich,Germany
23615,Gideon Mensah,Ghana
23623,Sekou Koita,Mali
23640,Jonathan David,Canada
23646,Giorgi Chakvetadze,Georgia
23649,Roman Yaremchuk,Ukraine
23650,Jeremy Doku,Belgium
23706,Alfons Amade,Mozambique
23708,Fashion Sakala,Zambia
23721,Wataru Endo,Japan
23725,Roman Bezus,Ukraine
23730,Takehiro Tomiyasu,Japan
23749,Marcos Johan López Lanfranco,Peru
23758,Maxime Crépeau,Canada
23760,Derek Cornelius,Canada
23763,In-Beom Hwang,South Korea
23774,Selim Amallah,Morocco
23785,Théo Bongonda Mbul'Ofeko Batombo,Congo DR
23789,Jordan Morris,United States
23828,Kamal Miller,Canada
23830,Jhegson Sebastián Méndez Carabalí,Ecuador
23873,Núrio Domingos Matias Fortuna,Angola
23874,Ali Gholizadeh,Iran
23892,Aboubakary Koita,Mauritania
23910,Youssef Msakni,Tunisia
23957,Jean Thierry Lazare Amani,Côte d'Ivoire
23983,Jérémy Bela,Angola
23987,Rey Manaj,Albania
23999,Ibrahim Blati Touré,Burkina Faso
24024,Tajon Buchanan,Canada
24085,Pervis Josué Estupiñán Tenorio,Ecuador
24087,Iddrisu Baba Mohammed,Ghana
24105,Dylan Batubinsika,Congo DR
24109,Žan Celar,Slovenia
24118,Nico Schlotterbeck,Germany
24168,Alexander David González Sibulo,Venezuela
24243,Brenden Aaronson,United States
24284,Giorgi Kvilitaia,Georgia
24303,Joni Ensio Kauko,Finland
24321,Robin Lod,Finland
24411,Adama Guira,Burkina Faso
24438,Ylber Ramadani,Albania
24443,Mikkel Damsgaard,Denmark
24455,Paulus Arajuuri,Finland
24467,Frank Onyeka,Nigeria
24475,Awer Denis Bul Mabil,Australia
24478,Paul Onuachu,Nigeria
24547,Alexander Hartmann Bah,Denmark
24648,Tim Sparv,Finland
24670,Joseph Fabrice Ondoa Ebogo,Cameroon
24730,Lucas René Olaza Catrofe,Uruguay
24778,Eduardo Camavinga,France
24806,Mohamed Camara,Mali
24826,Simon Bokote Banza,Congo DR
24861,Andrei Florin Ratiu,Romania
24909,Moreto Moro Cassamã,Guinea-Bissau
24921,Martín Zubimendi Ibáñez,Spain
24977,Christoph Baumgartner,Austria
25036,Otar Kakabadze,Georgia
25048,Giacomo Raspadori,Italy
25056,Marcelo Amado Djaló Taritolay,Guinea-Bissau
25078,Thelonius Bair,Canada
25079,Artem Dovbyk,Ukraine
25101,Weverton Pereira da Silva,Brazil
25104,Rodrygo Silva de Goes,Brazil
25115,Yeferson Julio Soteldo Martínez,Venezuela
25142,Bruno Guimarães Rodriguez Moura,Brazil
25154,Éverton Augusto de Barros Ribeiro,Brazil
25305,Pedro Guilherme Abreu dos Santos,Brazil
25363,Antony Matheus dos Santos,Brazil
25582,Nader Ghandri,Tunisia
25719,Shūichi Gonda,Japan
25759,Abdoulaye Seck,Senegal
26063,Jens-Lys Michel Cajuste,Sweden
26151,Ricardo Daniel Pepi,United States
26152,Jacob Shaffelburg,Canada
26256,Igor Lichnovsky Osorio,Chile
26280,Orbelín Pineda Alvarado,Mexico
26297,Carlos Alberto Rodríguez Gómez,Mexico
26301,Ernesto Alexis Vega Rojas,Mexico
26306,Adam Fernando Bareiro Gamarra,Paraguay
26318,Rogelio Gabriel Funes Mori,Mexico
26336,Johan Felipe Vásquez Ibarra,Mexico
26348,Lucas Daniel Cavallini,Canada
26368,César Jasib Montes Castro,Mexico
26369,Diego Alfonso Valdés Contreras,Chile
26375,Roberto Carlos Alvarado Hernández,Mexico
26385,Jordi Cortizo de la Piedra,Mexico
26386,Luis Francisco Romo Barrón,Mexico
26400,Henry Josué Martín Mex,Mexico
26404,Guido Rodríguez,Argentina
26406,Jorge Eduardo Sánchez Ramos,Mexico
26543,Derlis Alberto González Galeano,Paraguay
26718,Kacper Kozłowski,Poland
26825,Noah Sonko-Sundberg,Gambia
26875,Marcus Andreas Danielsson,Sweden
26939,Joona Toivio,Finland
27133,Odilon Kossonou,Côte d'Ivoire
27158,Luis Fernando Díaz Marulanda,Colombia
27163,Juan Pablo Vargas Campos,Costa Rica
27225,Camilo Andrés Vargas Gil,Colombia
27277,Jhon Adolfo Arias Andrade,Colombia
27317,Eduardo Jesús Vargas Rojas,Chile
27423,Daniel Muñoz Mejía,Colombia
27434,Alhassan Yusuf,Nigeria
27473,Deiver Andrés Machado Mena,Colombia
27569,Jesper Lindstrøm,Denmark
27622,Jakub Brabec,Czech Republic
27691,Przemysław Płacheta,Poland
27702,Éderson José dos Santos Lourenço da Silva,Brazil
27719,Strahinja Pavlović,Serbia
27767,Matías Nicolás Rojas Romero,Paraguay
27768,Lisandro Martínez,Argentina
27826,Ondřej Lingr,Czech Republic
27886,Alexis Mac Allister,Argentina
27889,César Saúl Huerta Valera,Mexico
27896,Gerardo Daniel Arteaga Zamora,Mexico
28032,Ivan Schranz,Slovakia
28034,Lukáš Provod,Czech Republic
28040,Jindřich Staněk,Czech Republic
28044,Martin Koscelník,Slovakia
28075,Veljko Birmančević,Serbia
28104,Anthony Gordon,England
28211,Erik Janža,Slovenia
28212,Alasana Manneh,Gambia
28227,Pavel Šulc,Czech Republic
28239,Adam Hložek,Czech Republic
28242,Florin Constantin Niţă,Romania
28263,Gonzalo Ariel Montiel,Argentina
28266,Rafael Santos Borré Amaury,Colombia
28268,Exequiel Alejandro Palacios,Argentina
28272,Ladislav Krejčí,Czech Republic
28332,Lassi Lappalainen,Finland
28368,Luka Ivanušec,Croatia
28370,Fran Karačić,Australia
28413,Willy Afonso Semedo Johnson,Cape Verde Islands
28415,Charles Pickel,Congo DR
28444,Oumar Gonzalez,Cameroon
28453,Michał Skóraś,Poland
28511,Ángel Israel Mena Delgado,Ecuador
28559,Enner Remberto Valencia Lastra,Ecuador
28565,Ianis Hagi,Romania
28567,Carlos Eccehomo Cuesta Figueroa,Colombia
28616,Daniel-Kofi Kyereh,Ghana
28637,Thiago Ezequiel Almada,Argentina
28648,Gabriel Arias Arroyo,Chile
28657,Adrián Andrés Cubas,Paraguay
28669,Luis Alfonso Abram Ugarelli,Peru
28723,Jorge Andrés Carrascal Guardo,Colombia
28728,Lucas Martínez Quarta,Argentina
28729,Diego Nicolás De La Cruz Arcosa,Uruguay
28825,Luis Gerardo Chávez Magallón,Mexico
28835,Ivica Ivušić,Croatia
28914,Lovro Majer,Croatia
28943,Víctor Gustavo Velázquez Ramos,Paraguay
28949,Boris Cespedes,Bolivia
28966,Gaël Ondoua,Cameroon
29006,Noah Okafor,Switzerland
29009,Omar Federico Alderete Fernández,Paraguay
29012,Eray Ervin Cömert,Switzerland
29163,Josip Juranović,Croatia
29164,Hamza Barry,Gambia
29201,Nahuel Molina Lucero,Argentina
29217,Edward Chilufya,Zambia
29227,Leonidas Stergiou,Switzerland
29367,Percy Tau,South Africa
29377,Brennan Johnson,Wales
29399,Conor Gallagher,England
29480,Jakub Moder,Poland
29482,Ricardo Martins Guimarães,Mozambique
29484,Jan Kuchta,Czech Republic
29531,Taulant Sulejmanov,Albania
29560,Julián Álvarez,Argentina
29571,Lyndon Dykes,Scotland
29595,Ko Itakura,Japan
29758,Sam Adekugbe,Canada
29816,Ibou Touray,Gambia
29966,Ui-Jo Hwang,South Korea
29976,Gabriel Teodoro Martinelli Silva,Brazil
29989,Yusuf Yazıcı,Turkey
30016,Martin Hongla Yma II,Cameroon
30059,Oleksandr Svatok,Ukraine
30104,Manconi Soriano Mané,Guinea-Bissau
30111,Felix Eduardo Torres Caicedo,Ecuador
30179,Ivan Ilić,Serbia
30193,Gedeon Kalulu Kyatengwa,Congo DR
30262,Vlatko Stojanovski,North Macedonia
30310,Fehmi Mert Günok,Turkey
30311,İrfan Can Kahveci,Turkey
30322,Darko Churlinov,North Macedonia
30328,Ondrej Celustka,Czech Republic
30357,Uğurcan Çakır,Turkey
30397,Ľubomír Šatka,Slovakia
30401,Ruben Vargas,Switzerland
30423,Ibán Salvador Edu,Equatorial Guinea
30438,Ferdi Erenay Kadıoğlu,Turkey
30442,Altay Bayındır,Turkey
30486,Pedro González López,Spain
30500,Kevin Nahin Álvarez Campos,Mexico
30512,Aleksandar Trajkovski,North Macedonia
30519,Mohamed Salisu,Ghana
30606,Edmond Fayçal Tapsoba,Burkina Faso
30626,Valdomiro Tualungo Paulo Lameiras,Angola
30628,Daizen Maeda,Japan
30644,Darko Velkovski,North Macedonia
30681,Ali Abdi,Tunisia
30693,Majeed Ashimeru,Ghana
30707,Gaetano Castrovilli,Italy
30714,Jude Bellingham,England
30736,Paul Brian Rodríguez Bravo,Uruguay
30739,Paweł Dawidowicz,Poland
30756,Anssumane Fati,Spain
30795,Ángel Rodrigo Romero Villamayor,Paraguay
30839,Vasile Mogoș,Romania
30913,Marius Mihai Marin,Romania
30926,Davide Frattesi,Italy
30940,Jure Balkovec,Slovenia
30944,Víctor Alejandro Dávila Zavala,Chile
30976,Jhon Jáder Durán Palacio,Colombia
31012,Paulo César Díaz Huincales,Chile
31016,Manuel Luís da Silva Cafumana,Angola
31029,Salis Abdul Samed,Ghana
31042,Cengiz Umut Meraş,Turkey
31053,Santiago Tomás Giménez,Mexico
31067,Billy Gilmour,Scotland
31089,Jan Mlakar,Slovenia
31090,Takefusa Kubo,Japan
31093,Mateo Retegui,Italy
31152,Gonzalo Jordy Plata Jiménez,Ecuador
31193,Denis Mihai Drăguş,Romania
31295,Yahia Attiyat allah,Morocco
31455,Shamar Nicholson,Jamaica
31684,Atiba Hutchinson,Canada
31751,Pathé Ismaël Ciss,Senegal
31866,Andraž Šporar,Slovenia
31887,Endre Botka,Hungary
31890,David Siger,Hungary
31892,Oleksandr Zubkov,Ukraine
31900,Oleksandr Karavaev,Ukraine
31908,Andrei Burcă Andonie,Romania
31917,Igor Diveev,Russia
31949,Zaidu Sanusi,Nigeria
31953,Eric García Martret,Spain
31955,Jakub Kamiński,Poland
31968,Adam Gnezda Čerin,Slovenia
32012,Rafael Enrique Romo Pérez,Venezuela
32015,Hichem Boudaoui,Algeria
32030,Nedim Bajrami,Albania
32122,João Lucas de Souza Cardoso,United States
32190,Darlin Zidane Yongwa Ngameni,Cameroon
32395,Roland Varga,Hungary
32433,Jefferson Anilson Silva Encada,Guinea-Bissau
32450,Montassar Omar Talbi,Tunisia
32478,Darwin Gabriel Núñez Ribeiro,Uruguay
32480,Ronald Federico Araújo da Silva,Uruguay
32547,Micky van de Ven,Netherlands
32677,Alexander Domínguez Carabalí,Ecuador
32685,Joël Latibeaudiere,Jamaica
32688,Charles De Ketelaere,Belgium
32712,Jeremie Frimpong,Netherlands
32767,Boureima Hassane Bandé,Burkina Faso
32868,Bryan Alberto Silva Teixeira Jr.,Cape Verde Islands
32915,Ismail Jakobs,Senegal
32952,Moussa Diarra,Mali
32975,Diogo Meireles Costa,Portugal
32985,Mojmír Chytil,Czech Republic
33015,Francisco Evanilson de Lima Barbosa,Brazil
33018,Joško Gvardiol,Croatia
33126,Israel Reyes Romero,Mexico
33144,Dylan Levitt,Wales
33145,Di'Shon Bernard,Jamaica
33176,Miguel Gianpierre Araujo Blanco,Peru
33234,Georges Mikautadze,Georgia
33274,Luca de la Torre,United States
33281,Joshua Zirkzee,Netherlands
33297,Patrick Wimmer,Austria
33342,Ebrima Colley,Gambia
33395,Ransford Königsdörffer,Ghana
33401,Amine Adli,Morocco
33477,Riley McGree,Australia
33488,Keanu Baccus,Australia
33492,Mitchell Thomas Duke,Australia
33495,Kye Rowles,Australia
33572,Nathaniel Atkinson,Australia
33602,Tariq Lamptey,Ghana
33680,Kacper Urbanski,Poland
33813,Jerome Ngom Mbekeli,Cameroon
34148,Carlos Miguel Harvey Cesneros,Panama
34293,Faris Pemi Moumbagna,Cameroon
34335,Terem Igobor Moffi,Nigeria
34339,Giovanni Reyna,United States
34396,Michael Steveen Estrada Martínez,Ecuador
34476,Matías Nicolás Viña Susperreguy,Uruguay
34526,Marc Guehi,England
34588,Andrey Semenov,Russia
34599,Florinel Teodor Coman,Romania
34600,Nicușor Silviu Bancu,Romania
34602,Adrián Rus,Romania
34639,Vitor Machado Ferreira,Portugal
34794,Neco Williams,Wales
34845,Federico Bikoro Akieme Nchama,Equatorial Guinea
34904,Róbert Boženík,Slovakia
35009,Aldo Sebastián Corzo Chávez,Peru
35205,Jesús Abdallah Castillo Molina,Peru
35242,Maximilian Beier,Germany
35285,Mory Konaté,Guinea
35375,Julián Andrés Quiñones Quiñones,Mexico
35413,Lionel Mpasi-Nzau,Congo DR
35432,Abdiel Armando Ayarza Cocanegra,Panama
35441,David Doudera,Czech Republic
35471,Issa Kabore,Burkina Faso
35492,Maximiliano Javier Araújo Vilches,Uruguay
35592,Anis Ben Slimane,Tunisia
35653,Tomáš Suslov,Slovakia
35658,Kamaldeen Sulemana,Ghana
35684,Meschak Elia,Congo DR
35689,James Gomez,Gambia
35690,Sebastián Enzo Cáceres Ramos,Uruguay
35738,Rodrigo Eduardo Echeverría Sáez,Chile
35785,Eduard Alexander Bello Gil,Venezuela
35939,Marcos Nikolas Bolados Hidalgo,Chile
36016,Nicolás Esteban Fernández Muñoz,Chile
36147,Christian Frederick Bayoi Makoun Reyes,Venezuela
36148,José Adoni Cifuentes Charcopa,Ecuador
36212,Gabriel Alonso Suazo Urbina,Chile
36251,Manfred Ugalde,Costa Rica
36271,Roberto Lopes,Cape Verde Islands
36288,Facundo Pellistri Rebollo,Uruguay
36359,Carlos Augusto Zambrano Ochandarte,Peru
36520,Miguel Ángel Navarro Zárate,Venezuela
36532,Marcelino Ignacio Nuñez Espinoza,Chile
36539,Wilfried Stephane Singo,Côte d'Ivoire
36552,Ouparine Djoco,Guinea-Bissau
36629,Yahia Fofana,Côte d'Ivoire
36659,Manuel Ugarte Ribeiro,Uruguay
36666,Agustín Canobbio Graviz,Uruguay
36706,Cristian Gonzalo Olivera Ibarra,Uruguay
36710,Sergio Rochet Álvarez,Uruguay
36794,Dayne Tristan St. Clair,Canada
36813,Janio Bikel Figueiredo Silva,Guinea-Bissau
36830,Joseph Scally,United States
36885,Armando Broja,Albania
36911,Maksym Talovierov,Ukraine
36917,José Andrés Martínez Torres,Venezuela
36949,Julio José González Vela-Alvizu,Mexico
36951,Babacar Niasse,Mauritania
37057,Thomas Ignacio Galdames Millán,Chile
37070,Luis Fernando Haquín Lopez,Bolivia
37122,Yuki Soma,Japan
37148,Josip Šutalo,Croatia
37208,Ao Tanaka,Japan
37209,Miki Yamane,Japan
37211,Kaoru Mitoma,Japan
37215,Shogo Taniguchi,Japan
37221,Hidemasa Morita,Japan
37274,Bart Verbruggen,Netherlands
37330,Anatolii Trubin,Ukraine
37338,Nathan Patterson,Scotland
37522,Hernán Ismael Galíndez,Ecuador
37560,Janner Hitcler Corozo Alman,Ecuador
37641,Seung-Gyu Kim,South Korea
37700,José Daniel Rivera Martínez,Peru
37726,Moisés Isaac Caicedo Corozo,Ecuador
37737,Angelo Smit Preciado Quiñónez,Ecuador
37945,Alan Steven Franco Palma,Ecuador
38004,Piero Martín Hincapié Reyna,Ecuador
38119,Anton Shunin,Russia
38169,Lawrence Shankland,Scotland
38178,Aleksandr Sobolev,Russia
38196,Daniel O''Shaughnessy,Finland
38229,Khvicha Kvaratskhelia,Georgia
38285,Ayase Ueda,Japan
38345,Ramiz Larbi Zerrouki,Algeria
38718,Enzo Fernandez,Argentina
38759,Benjamin Šeško,Slovenia
38792,Yunus Dimoara Musah,United States
38803,Gonçalo Matias Ramos,Portugal
38837,Youssoufa Moukoko,Germany
38862,Raphael Onyedika,Nigeria
38909,Nicolò Fagioli,Italy
38975,Georgiy Sudakov,Ukraine
39073,Moriba Kourouma Kourouma,Guinea
39136,Illia Zabarnyi,Ukraine
39143,Matěj Jurásek,Czech Republic
39161,Alejandro Balde Martínez,Spain
39167,Xavi Simons,Netherlands
39174,Ismael Saibari,Morocco
39259,Malik Tillman,United States
39273,Maksim Mukhin,Russia
39338,Lukáš Červ,Czech Republic
39420,Bradley Barcola,France
39460,Nicolas Seiwald,Austria
39461,Cole Palmer,England
39483,Mykhailo Mudryk,Ukraine
39490,Luka Sučić,Croatia
39545,Alexander Prass,Austria
39559,Aguibou Camara,Guinea
39565,Jamal Musiala,Germany
39615,Radu Drăgușin,Romania
39624,Francisco Fernandes Conceição,Portugal
40037,Jaume Cuéllar Mendoza,Bolivia
40128,Jannick Buyla Sam,Equatorial Guinea
40141,Vladyslav Vanat,Ukraine
40207,Vitezslav Jaros,Czech Republic
40211,Jeremy Leonel Sarmiento Morante,Ecuador
40485,Ryan Isaac Mendes da Graça,Cape Verde Islands
40538,Jin-Su Kim,South Korea
40542,Gue-Sung Cho,South Korea
40558,Jun-Ho Son,South Korea
40564,Kyung-Won Kwon,South Korea
40672,Moon-Hwan Kim,South Korea
40724,Florian Wirtz,Germany
40735,Lazar Samardžić,Serbia
40761,Omar Marmoush,Egypt
40784,Akram Hassan Afif,Qatar
40868,Amadou Dante,Mali
40874,Matheus Luiz Nunes,Portugal
40920,Márton Dárdai,Hungary
41045,Felicio Mendes Joao Milson,Angola
41052,Fali Candé,Guinea-Bissau
41092,Nuno Mendes,Portugal
41115,Alejandro Baena Rodríguez,Spain
41134,Marvin José Anieboh Pallaruelo,Equatorial Guinea
41186,Jasir Asani,Albania
41202,Giorgi Kochorashvili,Georgia
41266,Chris Richards,United States
41342,Joao Alberto Grimaldo Ubidia,Peru
41381,Anthony Louis Mandréa,Algeria
41542,Daniel Vivian Moreno,Spain
41593,Willian Joel Pacho Tenorio,Ecuador
41655,Ardon Jashari,Switzerland
41711,Sang-Ho Na,South Korea
41768,Riccardo Calafiori,Italy
41828,Nikolai Alho,Finland
41836,Ferhan Hasani,North Macedonia
42106,Gonçalo Bernardo Inácio,Portugal
42527,Sphephelo S''Miso Sithole,South Africa
42822,András Schäfer,Hungary
43007,Mauro Daniel Rodrigues Teixeira,Guinea-Bissau
43072,Jean-Philippe Krasso,Côte d'Ivoire
43073,Yvan Neyou Noupa,Cameroon
43555,Erick Daniel Sánchez Ocegueda,Mexico
43563,Kevin Nisbet,Scotland
43565,Min Jae Kim,South Korea
43705,Abdoul Fessal Tapsoba,Burkina Faso
43779,Calvin Bassey Ughelumba,Nigeria
43913,Arthur Theate,Belgium
43920,Mohamed Konaté,Burkina Faso
43976,David Strelec,Slovakia
44166,Jakub Piotr Kiwior,Poland
44167,Dávid Ďuriš,Slovakia
44183,Zuriko Davitashvili,Georgia
44225,Osman Bukari,Ghana
44229,Tihomir Kostadinov,North Macedonia
44304,Eric Kleybel Ramírez Matheus,Venezuela
44305,César Rodolfo Blackman Camarena,Panama
44307,Cédric Badolo,Burkina Faso
44311,Alieu Fadera,Gambia
44402,Kings Kangwa,Zambia
44455,Sávio Moreira de Oliveira,Brazil
44703,Alistair Johnston,Canada
44751,Lameck Banda,Zambia
44955,Aïssa Bilal Laïdouni,Tunisia
44962,Milan Ristovski,North Macedonia
45023,Bogdan Racovițan,Romania
45047,Alidu Seidu,Ghana
45064,Pape Ibnou Bâ,Mauritania
45125,Alexandru Cicâldău,Romania
45190,Dan Ndoye,Switzerland
45377,Franco Zanelatto Téllez,Peru
45466,Gustavo Fabrice Sangaré,Burkina Faso
45557,Logan Costa,Cape Verde Islands
45785,Yukhym Konoplya,Ukraine
45863,Oleksandr Tymchyk,Ukraine
46008,Saidou Sow,Guinea
46046,Matěj Kovář,Czech Republic
46258,Azzedine Ounahi,Morocco
46312,Famana Quizera,Guinea-Bissau
46376,Attila Szalai,Hungary
46378,Tamás Cseri,Hungary
46677,Matías David Espinoza Acosta,Paraguay
46789,Bendegúz Bolla,Hungary
46802,Nika Kvekveskiri,Georgia
46903,Christian Mougang Bassogog,Cameroon
46906,Visar Musliu,North Macedonia
46909,Stefan Spirovski,North Macedonia
46910,Kire Ristevski,North Macedonia
46915,Egzon Bejtulai,North Macedonia
47055,Roberto Carlos Fernández Toro,Bolivia
47057,Guillermo Viscarra Bruckner,Bolivia
47112,Julio César Enciso Espínola,Paraguay
47131,Leonel Justiniano Arauz,Bolivia
47149,Iván Rodrigo Ramírez Segovia,Paraguay
47186,Hernesto Ezequiel Caballero Benítez,Paraguay
47345,Adalberto Eliécer Carrasquilla Alcázar,Panama
47351,Morgan Guilavogui,Guinea
47435,Kevin Varga,Hungary
47721,Abdulia Sanyang,Gambia
47762,Jacob Mendy,Gambia
47822,Wilker José Ángel Romero,Venezuela
47979,Frankie Musonda,Zambia
48178,Luka Lochoshvili,Georgia
48335,Mohamed Zeki Amdouni,Switzerland
48342,Dylan Tavares dos Santos,Cape Verde Islands
48347,Amadou Onana,Belgium
48383,Abdülkerim Bardakcı,Turkey
48720,João Victor Gomes da Silva,Brazil
49007,Kwadwo Duah,Switzerland
49097,Mario Mitaj,Albania
49120,Damion Lowe,Jamaica
49337,Josip Stanišić,Croatia
49395,Richard Rios Montoya,Colombia
49445,Michael Ijemuan Folorunsho,Italy
49587,Nahuel Adolfo Ferraresi Hernández,Venezuela
49689,Muhammed Kerem Aktürkoğlu,Turkey
49763,Souleymane Anne,Mauritania
50329,Dániel Gazdag,Hungary
50436,Fabian Rieder,Switzerland
50442,Hamza Rafia,Tunisia
50497,Nicolas Jackson,Senegal
50498,Pape Matar Sarr,Senegal
50501,Ebrima Darboe,Gambia
50502,Nicola Zalewski,Poland
50503,Sayfallah Ltaief,Tunisia
50528,Sorba Thomas,Wales
50729,Andrea Cambiaso,Italy
50938,Ali Sowe,Gambia
50968,Erickson Patrick Correia Andrade,Cape Verde Islands
50971,Eduardo Antonio Guerrero Lozcano,Panama
50988,Hannibal Mejbri,Tunisia
51094,Abdulelah Al Amri,Saudi Arabia
51096,Ali Al Hassan,Saudi Arabia
51099,Firas Tariq Nasser Al Albirakan,Saudi Arabia
51103,Abdullah Mohammed Madu,Saudi Arabia
51469,Saleh Khalid Al Shehri,Saudi Arabia
51470,Riyadh Sharahili,Saudi Arabia
51494,Haji Mnoga,Tanzania
51546,Hassan Mohammed Al-Tambakti,Saudi Arabia
51571,Haythem Jouini,Tunisia
51632,Sami Khalil Al Naji,Saudi Arabia
51672,Rasmus Winther Højlund,Denmark
51698,Souleymane Doukara,Mauritania
51705,Abdulrahman Al-Obood,Saudi Arabia
51710,Saud Abdullah Abdul Hamid,Saudi Arabia
51733,Folarin Balogun,United States
51750,Youssoufou Niakaté,Mali
51941,Muhammed Badamosi,Gambia
51969,Jackson Gabriel Porozo Vernaza,Ecuador
52089,Srđan Mijailović,Serbia
52129,Alejandro Garnacho Ferreyra,Argentina
52218,Johan Bakayoko,Belgium
52324,Saúl Basilio Coco-Bassey Oubiña,Equatorial Guinea
54140,Mirlind Daku,Albania
54144,Nawaf Shaker Al Abid,Saudi Arabia
56755,Abdulelah Saad Hameed Al-Malki,Saudi Arabia
56905,Dennis Man,Romania
57303,Kristjan Asllani,Albania
57620,Sultan Abdullah Salim Al Ghannam,Saudi Arabia
58878,Boubacar Traore,Mali
59493,Abderrazak Hamdallah,Morocco
60138,Kevin Duvan Castaño Gil,Colombia
60343,Victor Bernth Kristansen,Denmark
60514,Yaser Esneider Asprilla Martínez,Colombia
61204,Dexter Lembikisa,Jamaica
62016,Rodrigo Mario Morínigo Acosta,Paraguay
62627,Junior Tchamadeu,Cameroon
63505,Martin Baturina,Croatia
64207,José Andrés Hurtado Cheme,Ecuador
64607,Zakhele Lerato Lepasa,South Africa
64612,Deon Hotto Kavendji,Namibia
64629,Thabang Amod Monare,South Africa
65555,Riaan Hanamub,Namibia
65719,Khuliso Johnson Mudau,South Africa
65723,Peter Shalulile,Namibia
65726,Themba Zwane,South Africa
65727,Thapelo James Morena,South Africa
65732,Mothobi Mvala,South Africa
65733,Aubrey Maphosa Modiba,South Africa
65742,Edmilson Gabriel Dove,Mozambique
65750,Terrence Mashego,South Africa
65761,Jayden Adams,South Africa
65837,Ananias Gebhardt,Namibia
65853,Evidence Makgopa,South Africa
66716,Teboho Mokoena,South Africa
66721,Ronwen Williams,South Africa
66725,Oswin Reagan Appollis,South Africa
66878,Ahmed Sayed,Egypt
66879,Mohamed Abougabal,Egypt
66886,Mostafa Mohamed Ahmed Abdallah,Egypt
66887,Hamdi Fathi,Egypt
66892,Mohamed Hany Gamal Eldemerdash,Egypt
67700,Badr Banoun,Morocco
67714,Aliou Dieng,Mali
67728,Mahmoud Hamada,Egypt
67737,Ahmed Mohamed Abo El Fotouh Mohamed,Egypt
67742,Emam Ashour Metwally Abdelghany,Egypt
67974,Nkosinathi Sibisi,South Africa
68500,Jonas Asvedo Mendes,Guinea-Bissau
68505,Roderick Kabwe,Zambia
68574,Nicholas Williams Arthuer,Spain
68749,Seifeddine Jaziri,Tunisia
68755,Mostafa Fathi,Egypt
68757,Richard Ofori Antwi,Ghana
69442,Nyiko Mobbie,South Africa
69563,Mohamed Abdelmonem,Egypt
70093,Gomolemo Grant Kekana,South Africa
70464,Mohanad Mostafa Lasheen,Egypt
70682,Marwan Attia Fahim Ghallab,Egypt
70783,Omar Kamal Abdel Wahed,Egypt
70835,Mohamed Hamdy Sharaf,Egypt
72512,Valentin Mihai Mihăilă,Romania
73852,Daniel Avramovski,North Macedonia
73886,Zsolt Nagy,Hungary
74588,Christopher Wooh,Cameroon
74623,Nasser Al Dawsari,Saudi Arabia
75305,Guillermo Martínez Ayala,Mexico
78241,İsmail Yüksek,Turkey
80307,Charles M'Mombwa,Tanzania
80484,Iliman Ndiaye,Senegal
81330,Robin Hranáč,Czech Republic
82257,Rubin Colwill,Wales
82783,Joslin Kamatuka,Namibia
82922,Muhammed Sanneh,Gambia
85063,Adam Obert,Slovakia
86067,Himid Mao Mkami,Tanzania
87429,Mathías Adalberto Villasanti Rolón,Paraguay
87449,Damián Josué Bobadilla Benítez,Paraguay
87603,Ramón Sosa Acosta,Paraguay
88123,Cheikh Ahmadou Bamba Mbacke Dieng,Senegal
89635,Milos Kerkez,Hungary
90913,Zito André Sebastião Luvumbo,Angola
91089,José Fajardo Nelson,Panama
91090,Djorkaeff Neicer Reasco González,Ecuador
92611,Ernest Muçi,Albania
95042,Dango Aboubacar Faissal Ouattara,Burkina Faso
95272,Hiroki Ito,Japan
97291,Patrick Gilmar Sequeira Mejías,Costa Rica
99174,Kobbie Mainoo,England
99280,Adamo Nagalo,Burkina Faso
99479,Yu-Min Cho,South Korea
101509,Piero Aldair Quispe Córdova,Peru
101806,David Brekalo,Slovenia
101821,Darius Dumitru Olaru,Romania
102371,Giorgi Mamardashvili,Georgia
102372,Budu Zivzivadze,Georgia
102661,Mohamed Dellahi Yali,Mauritania
102667,Hemeya Tanjy,Mauritania
102668,Yahya Jabrane,Morocco
102722,Siyanda Xulu,South Africa
102800,Issoufou Dayo,Burkina Faso
102816,Mohamed Ali Ben Romdhane,Tunisia
102992,Djigui Diarra,Mali
103207,Loide António Augusto,Angola
103208,Kialonda Gaspar,Angola
103262,Aishi Manula,Tanzania
103268,Faisal Salum Abdalla,Tanzania
103269,Bakari Nondo Mwamnyeto,Tanzania
103270,Simon Happygod Msuva,Tanzania
103464,Mohamed Youcef Belaïli,Algeria
103465,Baghdad Bounedjah,Algeria
103799,Ivan Kamberipa,Namibia
103801,Marcel Papama,Namibia
103803,Prins Menelik Tjiueza,Namibia
103804,Absalom Iimbondi,Namibia
103910,Cletous Chama,Zambia
104179,Orlando Mosquera,Panama
104181,César Augusto Yanis Velasco,Panama
105182,Lassine Sinayoko,Mali
105392,Simon Adingra,Côte d'Ivoire
105762,José Antonio Miranda Boacho,Equatorial Guinea
105764,Basilio Ndong Owono Nchamaaa,Equatorial Guinea
105765,Jesús Lázaro Owono Ngua Akeng,Equatorial Guinea
105766,Mohamed Hussein Mohamed,Tanzania
105769,Mzamiru Yassin,Tanzania
105921,Mamady Alex Bangré,Burkina Faso
105931,Edilson Alberto Monteiro Sanches Borges,Cape Verde Islands
105932,Josimar José Évora Dias,Cape Verde Islands
105936,Gilson Benchimol Tavares,Cape Verde Islands
105942,Pablo Ganet Cómitre,Equatorial Guinea
105943,Aymen Dahmen,Tunisia
105944,Wajdi Kechrida,Tunisia
105946,Henoc Inonga Baka,Congo DR
105952,Yusupha Bobb,Gambia
106068,Gildo Lourenço Vilanculos,Mozambique
106069,Clésio Bauque,Mozambique
106070,Bruno Alberto Langa,Mozambique
106074,Elias Gaspar Pelembe,Mozambique
106082,Pachoio Lau Há King,Mozambique
106681,Ismahila Ouédraogo,Burkina Faso
108280,Benedict Chepeshi,Zambia
108291,Tandi Mwape,Zambia
108292,Larry Bwalya,Zambia
108340,Brandon Aguilera Zamora,Costa Rica
110050,Jonathan Bell,Jamaica
111560,Brayan Roberto Reyna Casaverde,Peru
113279,Freddy Elías Góndola Smith,Panama
113450,Jon Mikel Aramburu Mejías,Venezuela
113455,Kervin Mario Andrade Navarro,Venezuela
113712,Rodrigo Luis Ramallo Cornejo,Bolivia
113715,Fernando Javier Saucedo Pereyra,Bolivia
113717,Carmelo Algarañaz Añez,Bolivia
113730,César Alejandro Menacho Claros,Bolivia
113732,Gabriel Alejandro Villamíl Cortéz,Bolivia
113734,Lucas Leónidas Chávez Cruz,Bolivia
113995,Ramiro Vaca Ponce,Bolivia
114003,José Manuel Sagredo Chávez,Bolivia
114004,Jesús Manuel Sagredo Chávez,Bolivia
114832,Zeno Debast,Belgium
116587,Arda Güler,Turkey
118368,Amir Richardson,Morocco
121539,Haitham Mohammed Asiri,Saudi Arabia
123554,Jordy Josué Caicedo Medina,Ecuador
123625,Alan Steve Minda García,Ecuador
124161,Mehdi Torabi,Iran
124167,Ahmad Nourollahi,Iran
124175,Mohammad Hossein Kanani Zadegan,Iran
124488,Hassan Khalid Al Heidos,Qatar
124490,Ahmed Alaa Eldin Abdelmotaal,Qatar
124492,Karim Boudiaf,Qatar
124493,Boualem Khoukhi,Qatar
124494,Abdelkarim Hassan Al Haj Fadlalla,Qatar
124495,Almoez Ali Zainalabiddin Abdulla,Qatar
124496,Saad Abdullah Al Sheeb,Qatar
124500,Assim Omer Al Haj Madibo,Qatar
124503,Bassam Hisham Al Rawi,Qatar
124504,Tarek Salman Salman,Qatar
124506,Pedro Miguel Correia,Qatar
124510,Meshaal Aissa Barsham,Qatar
124512,Mosaab Khoder Jibril,Qatar
124514,Abdulaziz Hatem Mohammed Abdullah,Qatar
124899,Ismaeel Mohammad Mohammad,Qatar
124900,Homam Alamin Ahmed,Qatar
124901,Mohammed Muntari,Qatar
124909,Mohammed Waed Abdulwahhab Al Bayati,Qatar
125324,Lloyd Junior Kazapua,Namibia
125333,Petrus Shitembi,Namibia
125818,Ali Karimi,Iran
125823,Seyed Hossein Hosseini,Iran
127300,Geny Cipriano Catamo,Mozambique
127547,Stanley Ratifo,Mozambique
128053,Idrissa Thiam,Mauritania
128056,Yassin Cheikh El Welly,Mauritania
128793,Taha Yassine Khenissi,Tunisia
128881,Cristóvão Paciência Mabululo,Angola
129288,Alexander Andre Marshsall,Jamaica
129475,Feliciano João Jone,Mozambique
130185,Keysher Fuller Spence,Costa Rica
130193,Jefferson Brenes Rojas,Costa Rica
130731,Oliver Sonne,Peru
130984,Deian Cristian Sorescu,Romania
131037,Anass Zaroury,Morocco
131243,Deniz Undav,Germany
131849,Antoine Conte,Guinea
132257,Josimar Alcócer,Costa Rica
132271,Carlos Manuel Martínez Castro,Costa Rica
132296,Anthony Daniel Contreras Enríquez,Costa Rica
132461,Mohamed Elias Achouri,Tunisia
132497,Gerson Torres Barrantes,Costa Rica
132510,Haxzel Quirós Cruz,Costa Rica
132516,Orlando Moisés Galo Calderón,Costa Rica
132711,Sekou Oumar Sylla,Guinea
132728,Jewison Bennette,Costa Rica
132755,Alejandro Jesús Bran Flores,Costa Rica
132756,Youstin Delfin Salas Gómez,Costa Rica
132772,Daniel Alonso Chacón Salas,Costa Rica
132800,Kevin Lenini Gonçalves Pereira de Pina,Cape Verde Islands
133003,Mihlali Samson Mayambela,South Africa
133038,João Paulo Moreira Fernandes,Cape Verde Islands
133168,Bertuğ Özgür Yıldırım,Turkey
133189,Luc Rollet De Fougerolles,Canada
133229,Ismael Koné,Canada
133305,Samet Akaydin,Turkey
133353,Pablo Martín Páez Gavira,Spain
133549,Seydouba Cisse,Guinea
133698,Arbër Hoxha,Albania
134209,Barış Alper Yılmaz,Turkey
134272,David Jurásek,Czech Republic
135004,Lubeni Haukongo,Namibia
135043,Enzo Gianni Tchato Mbiayi,Cameroon
135271,Roan Roberto Wilson Gordon,Costa Rica
135844,Sandro Altunashvili,Georgia
135849,Adilson Cipriano da Cruz,Angola
135851,Augusto de Jesus Corte Real Carneiro,Angola
135988,Richard Larkland King,Jamaica
136055,Novatus Dismas Miroshi,Tanzania
136057,Mudathiri Yahya,Tanzania
136064,Ernan Alberto Siluane,Mozambique
136069,Shaquille Momad Nangy,Mozambique
136074,Karim Konaté,Côte d'Ivoire
136115,El Hacen Houeibib,Mauritania
136296,Bechir Ben Said,Tunisia
136298,Santiago Eneme Bocari,Equatorial Guinea
136306,Abdul Fatawu Issahaku,Ghana
136312,Ambrosini Antonio Cabaça Salvador,Angola
136404,Vetunuavi Charles Hambira,Namibia
136406,Aprocious Petrus,Namibia
136411,Juan José Óscar Siafá Etoha,Equatorial Guinea
136414,Luis Miguel Nlavo Asue,Equatorial Guinea
136417,Alejandro Balboa Bandeira,Equatorial Guinea
136596,Lusajo Mwaikenda,Tanzania
136948,Yacouba Nasser Djiga,Burkina Faso
137487,Žan Karničnik,Slovenia
138493,Morice Michael Abraham,Tanzania
138875,Djibril Cheick Ouattara,Burkina Faso
139016,Achraf Dari,Morocco
141358,Mohamed El Amine Amoura,Algeria
142800,Medon Berisha,Albania
143165,Mohamed Chibi,Morocco
143385,Jeyland Yahir Mitchell Baltodano,Costa Rica
143854,António João Pereira Albuquerque Tavares Silva,Portugal
143859,João Neves,Portugal
143863,Franculino Gluda Djú,Guinea-Bissau
143864,Fermin Lopez Marin,Spain
144127,Volodymyr Brazhko,Ukraine
145058,Eddie Marcos Melo Afonso,Angola
145622,Denis Kibu,Tanzania
146933,Bodda Mouhsine,Mauritania
148397,Valentin Carboni,Argentina
149463,Ali Assadalla Thaimn Qambar,Qatar
149576,Semih Kılıçsoy,Turkey
149615,Matías Rafael Lacava González,Venezuela
149714,Abdessamad Ezzalzouli,Morocco
151066,Kelvin Kapumbu,Zambia
151813,Kenan Yildiz,Turkey
152512,Leopold Querfeld,Austria
154895,Warren Steven Madrigal Molina,Costa Rica
156734,Bilal El Khannous,Morocco
159949,Wendell Rudath,Namibia
160904,Miguel Changa Chaiwa,Zambia
160943,Mohamed Amine Tougai,Algeria
161718,Ivane Carminio Francisco Urrubal,Mozambique
162132,Kamory Doumbia,Mali
163610,Leo Sauer,Slovakia
170230,Alex Adrián Arce Barrios,Paraguay
176683,Ibrahim Diakité,Guinea
179524,Carlos Miguel Pereira Fernandes,Cape Verde Islands
182573,Ibrahim Kone,Guinea
184468,Álvaro José Zamora Mata,Costa Rica
185579,Baboucarr Gaye,Gambia
188885,Oumar Ngom,Mauritania
189348,Frank Magri,Cameroon
190172,Telasco José Segovia Pérez,Venezuela
193965,Gerald Taylor,Costa Rica
195989,Néstor Rafael Giménez Florentín,Paraguay
196109,Ousmane Diomande,Côte d'Ivoire
199653,Nene Dorgeles,Mali
202037,Thapelo Maseko,South Africa
204925,Darío Esteban Osorio Osorio,Chile
205932,Vanja Drkušić,Slovenia
206048,Karoy Anderson,Jamaica
212489,Oumar Diakité,Côte d'Ivoire
217047,Fares Chaïbi,Algeria
217795,César Ignacio Pérez Maldonado,Chile
223769,Marcelo Sebastián Suárez Justiniano,Bolivia
223971,José Ángel Córdoba Chambers,Panama
224603,Tanitoluwa Oluwaseyi,Canada
224628,Ali Ahmed,Canada
225215,Jacen Russell-Rowe,Canada
225436,Abdoul Razack Guiebre,Burkina Faso
225437,Stephane Aziz Ki,Burkina Faso
226523,Jahmali Waite,Jamaica
227697,Garang Kuol,Australia
232736,Diego Daniel Medina Roman,Bolivia
233463,Ernest Appiah Nuamah,Ghana
260212,Edgardo Isaac Fariña Wynter,Panama
263057,Amade Momade,Mozambique
264017,Anzor Mekvabishvili,Georgia
264277,Martin Ádám,Hungary
264381,Kennedy Amutenya,Namibia
264954,Lamine Ba,Mauritania
264956,Ibrahima Keita,Mauritania
270407,Joaquim Marcos Cunga Balanga,Angola
271988,Endrick Felipe Moreira de Sousa,Brazil
286708,Kévin Daniel Van Den Kerkhof,Algeria
290289,Žan Vipotnik,Slovenia
296254,Walid Cheddira,Morocco
297356,Brian Jephte Bayeye,Congo DR
300924,Sacha Jordan Bansé,Burkina Faso
307271,Yankuba Minteh,Gambia
315395,Bakari Camara,Mauritania
316046,Lamine Yamal Nasraoui Ebana,Spain
326758,Abolfazl Jalali,Iran
334178,Omar Javier Valencia Arauz,Panama
336796,Miguel Ángel Terceros,Bolivia
341163,Omaré Gassama,Mauritania
348757,Kevin José Rodríguez Cortez,Ecuador
349594,Noé Ela Mangue,Equatorial Guinea
358410,Stanley Bobo Nwabali,Nigeria
363738,Fernando de Lacerda Gomes,Guinea-Bissau
363986,Jovani Francisco Welch Lopez,Panama
367353,Yomar Rene Rocha Rodriguez,Bolivia
380983,José Correia,Guinea-Bissau
383095,Kahiser Lenis Navarro,Panama
383250,Moise Bombito,Canada
384888,Ray Kendry Páez Andrade,Ecuador
388549,Andy Rojas Maroto,Costa Rica
389092,Ibrahim Abdallah Hamad,Tanzania
389156,Tresford Lawrence Mulenga,Zambia
389291,Fiston Kalala Mayele,Congo DR
389292,Khadim Diaw,Mauritania
389294,Nouh Mohamed El Abd,Mauritania
389316,Ngero Kaanjuka Katua,Namibia
389319,Muzeu Bethuel,Namibia
389328,Deivi Miguel Vieira,Angola
389641,Domingos João Macandza,Mozambique
389675,Kennedy Musonda,Zambia
389784,Manuel Keliano,Angola
389882,Kevin Csoboth,Hungary
391434,Marciano Sanca Tchami,Guinea-Bissau
392153,Lamine Camara,Senegal
398462,Adalid Terrazas Abasto,Bolivia
398489,Héctor Manuel Cuellar Rosales,Bolivia
398886,Giorgi Gvelesiani,Georgia
404676,Karim Cissé,Guinea
405926,Renaldo Showayne Cephas,Jamaica
406457,Facinet Conte,Guinea
408160,Dramane Salou,Burkina Faso
408457,Idrissa Gueye,Senegal
408674,Aboubacar Traoré,Mali
408824,Signori Dominique Nymi António,Angola
416889,Uetuuru Kambato,Namibia
416907,Sidi Bouna Sidi Amar,Mauritania
417067,Infren David da Conceição Matola,Mozambique
417068,João José Jone Bonde,Mozambique
422691,José Nabil Onva Adjugu,Equatorial Guinea
435137,Kaheim Dixon,Jamaica
482851,Esteban Orozco Fernández,Equatorial Guinea
